"id","vendor_id","name","min_purchase","shipping_cost","min_free_delivery","created_at","updated_at","deleted_at"
827,1142,Argentina,0.00,0.00,0.00,"2024-09-13 19:06:01","2024-09-13 19:06:01",
828,1142,Cdad. Autónoma de Buenos Aires,0.00,0.00,0.00,"2024-09-13 19:06:01","2024-09-19 03:57:38",
829,1142,Buenos Aires,0.00,0.00,0.00,"2024-09-13 19:06:02","2024-09-13 19:06:02",
830,1142,Catamarca,0.00,0.00,0.00,"2024-09-13 19:06:02","2024-09-13 19:06:02",
831,1142,Chaco,0.00,0.00,0.00,"2024-09-13 19:06:03","2024-09-13 19:06:03",
832,1142,Chubut,0.00,0.00,0.00,"2024-09-13 19:06:04","2024-09-13 19:06:04",
833,1142,Córdoba,0.00,0.00,0.00,"2024-09-13 19:06:04","2024-09-13 19:06:04",
834,1142,Corrientes,0.00,0.00,0.00,"2024-09-13 19:06:05","2024-09-13 19:06:05",
835,1142,Entre Ríos,0.00,0.00,0.00,"2024-09-13 19:06:05","2024-09-13 19:06:05",
836,1142,Formosa,0.00,0.00,0.00,"2024-09-13 19:06:06","2024-09-13 19:06:06",
837,1142,Jujuy,0.00,0.00,0.00,"2024-09-13 19:06:06","2024-09-13 19:06:06",
838,1142,La Pampa,0.00,0.00,0.00,"2024-09-13 19:06:07","2024-09-13 19:06:07",
839,1142,La Rioja,0.00,0.00,0.00,"2024-09-13 19:06:07","2024-09-13 19:06:07",
840,1142,Mendoza,0.00,0.00,0.00,"2024-09-13 19:06:08","2024-09-13 19:06:08",
841,1142,Misiones,0.00,0.00,0.00,"2024-09-13 19:06:08","2024-09-13 19:06:08",
842,1142,Neuquén,0.00,0.00,0.00,"2024-09-13 19:06:09","2024-09-13 19:06:09",
843,1142,Rio Negro,0.00,0.00,0.00,"2024-09-13 19:06:10","2024-09-13 19:06:10",
844,1142,Salta,0.00,0.00,0.00,"2024-09-13 19:06:11","2024-09-13 19:06:11",
845,1142,San Juan,0.00,0.00,0.00,"2024-09-13 19:06:12","2024-09-13 19:06:12",
846,1142,San Luis,0.00,0.00,0.00,"2024-09-13 19:06:12","2024-09-13 19:06:12",
847,1142,Santa Cruz,0.00,0.00,0.00,"2024-09-13 19:06:13","2024-09-13 19:06:13",
848,1142,Santa Fe,0.00,0.00,0.00,"2024-09-13 19:06:14","2024-09-13 19:06:14",
849,1142,Santiago Del Estero,0.00,0.00,0.00,"2024-09-13 19:06:14","2024-09-13 19:06:14",
850,1142,"Tierra del Fuego, Antártida e Islas del Atlántico Sur",0.00,0.00,0.00,"2024-09-13 19:06:15","2024-09-13 19:06:15",
851,1142,Tucumán,0.00,0.00,0.00,"2024-09-13 19:06:15","2024-09-13 19:06:15",
852,1141,México,3000.00,0.00,0.00,"2024-09-13 20:07:38","2024-10-16 02:40:38",
853,1141,Jalisco,0.00,0.00,0.00,"2024-09-13 20:07:38","2024-09-13 20:07:38",
854,1141,Aguascalientes,3000.00,0.00,0.00,"2024-09-13 20:07:39","2024-10-16 02:40:38",
855,1141,Baja California,3000.00,0.00,0.00,"2024-09-13 20:07:39","2024-10-16 02:40:39",
856,1141,Baja California Sur,3000.00,0.00,0.00,"2024-09-13 20:07:40","2024-10-16 02:40:39",
857,1141,Campeche,3000.00,0.00,0.00,"2024-09-13 20:07:40","2024-10-16 02:40:40",
858,1141,Coahuila de Zaragoza,3000.00,0.00,0.00,"2024-09-13 20:07:41","2024-10-16 02:40:40",
859,1141,Colima,3000.00,0.00,0.00,"2024-09-13 20:07:41","2024-10-16 02:40:41",
860,1141,Chiapas,3000.00,0.00,0.00,"2024-09-13 20:07:42","2024-10-16 02:40:41",
861,1141,Ciudad de México,3000.00,0.00,0.00,"2024-09-13 20:07:42","2024-10-30 16:15:31",
862,1141,Chihuahua,3000.00,0.00,0.00,"2024-09-13 20:07:43","2024-10-16 02:40:42",
863,1141,Guanajuato,3000.00,0.00,0.00,"2024-09-13 20:07:43","2024-10-16 02:40:42",
864,1141,Durango,3000.00,0.00,0.00,"2024-09-13 20:07:44","2024-10-16 02:40:43",
865,1141,Guerrero,3000.00,0.00,0.00,"2024-09-13 20:07:44","2024-10-16 02:40:43",
866,1141,Hidalgo,3000.00,0.00,0.00,"2024-09-13 20:07:45","2024-10-16 02:40:44",
867,1141,Estado de México,3000.00,0.00,0.00,"2024-09-13 20:07:45","2024-10-16 02:40:44",
868,1141,Michoacán de Ocampo,3000.00,0.00,0.00,"2024-09-13 20:07:45","2024-10-16 02:40:45",
869,1141,Morelos,3000.00,0.00,0.00,"2024-09-13 20:07:46","2024-10-16 02:40:45",
870,1141,Nayarit,3000.00,0.00,0.00,"2024-09-13 20:07:46","2024-10-16 02:40:46",
871,1141,Nuevo León,3000.00,0.00,0.00,"2024-09-13 20:07:47","2024-10-16 02:40:46",
872,1141,Oaxaca,3000.00,0.00,0.00,"2024-09-13 20:07:47","2024-10-16 02:40:47",
873,1141,Puebla,3000.00,0.00,0.00,"2024-09-13 20:07:48","2024-10-16 02:40:47",
874,1141,Quintana Roo,3000.00,0.00,0.00,"2024-09-13 20:07:48","2024-10-16 02:40:47",
875,1141,Querétaro,3000.00,0.00,0.00,"2024-09-13 20:07:49","2024-10-16 02:40:48",
876,1141,Sinaloa,3000.00,0.00,0.00,"2024-09-13 20:07:49","2024-10-16 02:40:48",
877,1141,San Luis Potosí,3000.00,0.00,0.00,"2024-09-13 20:07:50","2024-10-16 02:40:49",
878,1141,Sonora,3000.00,0.00,0.00,"2024-09-13 20:07:50","2024-10-16 02:40:49",
879,1141,Tabasco,3000.00,0.00,0.00,"2024-09-13 20:07:51","2024-10-16 02:40:50",
880,1141,Tamaulipas,3000.00,0.00,0.00,"2024-09-13 20:07:51","2024-10-16 02:40:50",
881,1141,Tlaxcala,3000.00,0.00,0.00,"2024-09-13 20:07:52","2024-10-16 02:40:51",
882,1141,Veracruz de Ignacio de la Llave,3000.00,0.00,0.00,"2024-09-13 20:07:52","2024-10-16 02:40:51",
883,1141,Yucatán,3000.00,0.00,0.00,"2024-09-13 20:07:52","2024-10-16 02:40:52",
884,1141,Zacatecas,3000.00,0.00,0.00,"2024-09-13 20:07:53","2024-10-16 02:40:52",
885,1148,México,0.00,0.00,0.00,"2024-09-13 20:07:38","2024-09-13 20:07:38",
886,1148,Jalisco,0.00,0.00,0.00,"2024-09-13 20:07:38","2024-09-13 20:07:38",
887,1148,Aguascalientes,0.00,0.00,0.00,"2024-09-13 20:07:39","2024-09-13 20:07:39",
888,1148,Baja California,0.00,0.00,0.00,"2024-09-13 20:07:39","2024-09-13 20:07:39",
889,1148,Baja California Sur,0.00,0.00,0.00,"2024-09-13 20:07:40","2024-09-13 20:07:40",
890,1148,Campeche,0.00,0.00,0.00,"2024-09-13 20:07:40","2024-09-13 20:07:40",
891,1148,Coahuila de Zaragoza,0.00,0.00,0.00,"2024-09-13 20:07:41","2024-09-13 20:07:41",
892,1148,Colima,0.00,0.00,0.00,"2024-09-13 20:07:41","2024-09-13 20:07:41",
893,1148,Chiapas,0.00,0.00,0.00,"2024-09-13 20:07:42","2024-09-13 20:07:42",
894,1148,Ciudad de México,0.00,0.00,0.00,"2024-09-13 20:07:42","2024-10-30 16:15:31",
895,1148,Chihuahua,0.00,0.00,0.00,"2024-09-13 20:07:43","2024-09-13 20:07:43",
896,1148,Guanajuato,0.00,0.00,0.00,"2024-09-13 20:07:43","2024-09-13 20:07:43",
897,1148,Durango,0.00,0.00,0.00,"2024-09-13 20:07:44","2024-09-13 20:07:44",
898,1148,Guerrero,0.00,0.00,0.00,"2024-09-13 20:07:44","2024-09-13 20:07:44",
899,1148,Hidalgo,0.00,0.00,0.00,"2024-09-13 20:07:45","2024-09-13 20:07:45",
900,1148,Estado de México,0.00,0.00,0.00,"2024-09-13 20:07:45","2024-09-13 20:07:45",
901,1148,Michoacán de Ocampo,0.00,0.00,0.00,"2024-09-13 20:07:45","2024-09-13 20:07:45",
902,1148,Morelos,0.00,0.00,0.00,"2024-09-13 20:07:46","2024-09-13 20:07:46",
903,1148,Nayarit,0.00,0.00,0.00,"2024-09-13 20:07:46","2024-09-13 20:07:46",
904,1148,Nuevo León,0.00,0.00,0.00,"2024-09-13 20:07:47","2024-09-13 20:07:47",
905,1148,Oaxaca,0.00,0.00,0.00,"2024-09-13 20:07:47","2024-09-13 20:07:47",
906,1148,Puebla,0.00,0.00,0.00,"2024-09-13 20:07:48","2024-09-13 20:07:48",
907,1148,Quintana Roo,0.00,0.00,0.00,"2024-09-13 20:07:48","2024-09-13 20:07:48",
908,1148,Querétaro,0.00,0.00,0.00,"2024-09-13 20:07:49","2024-09-13 20:07:49",
909,1148,Sinaloa,0.00,0.00,0.00,"2024-09-13 20:07:49","2024-09-13 20:07:49",
910,1148,San Luis Potosí,0.00,0.00,0.00,"2024-09-13 20:07:50","2024-09-13 20:07:50",
911,1148,Sonora,0.00,0.00,0.00,"2024-09-13 20:07:50","2024-09-13 20:07:50",
912,1148,Tabasco,0.00,0.00,0.00,"2024-09-13 20:07:51","2024-09-13 20:07:51",
913,1148,Tamaulipas,0.00,0.00,0.00,"2024-09-13 20:07:51","2024-09-13 20:07:51",
914,1148,Tlaxcala,0.00,0.00,0.00,"2024-09-13 20:07:52","2024-09-13 20:07:52",
915,1148,Veracruz de Ignacio de la Llave,0.00,0.00,0.00,"2024-09-13 20:07:52","2024-09-13 20:07:52",
916,1148,Yucatán,0.00,0.00,0.00,"2024-09-13 20:07:52","2024-09-13 20:07:52",
917,1148,Zacatecas,0.00,0.00,0.00,"2024-09-13 20:07:53","2024-09-13 20:07:53",
918,1150,México,1000.00,0.00,0.00,"2024-09-13 20:07:38","2024-11-08 19:07:45",
919,1150,Jalisco,1000.00,0.00,0.00,"2024-09-13 20:07:38","2024-11-08 19:07:46",
920,1150,Aguascalientes,1000.00,0.00,0.00,"2024-09-13 20:07:39","2024-11-08 19:07:46",
921,1150,Baja California,1000.00,0.00,0.00,"2024-09-13 20:07:39","2024-11-08 19:07:47",
922,1150,Baja California Sur,1000.00,0.00,0.00,"2024-09-13 20:07:40","2024-11-08 19:07:48",
923,1150,Campeche,1000.00,0.00,0.00,"2024-09-13 20:07:40","2024-11-08 19:07:48",
924,1150,Coahuila de Zaragoza,1000.00,0.00,0.00,"2024-09-13 20:07:41","2024-11-08 19:07:49",
925,1150,Colima,1000.00,0.00,0.00,"2024-09-13 20:07:41","2024-11-08 19:07:49",
926,1150,Chiapas,1000.00,0.00,0.00,"2024-09-13 20:07:42","2024-11-08 19:07:50",
927,1150,Ciudad de México,1000.00,0.00,0.00,"2024-09-13 20:07:42","2024-11-08 19:07:50",
928,1150,Chihuahua,1000.00,0.00,0.00,"2024-09-13 20:07:43","2024-11-08 19:07:51",
929,1150,Guanajuato,1000.00,0.00,0.00,"2024-09-13 20:07:43","2024-11-08 19:07:51",
930,1150,Durango,1000.00,0.00,0.00,"2024-09-13 20:07:44","2024-11-08 19:07:52",
931,1150,Guerrero,1000.00,0.00,0.00,"2024-09-13 20:07:44","2024-11-08 19:07:52",
932,1150,Hidalgo,1000.00,0.00,0.00,"2024-09-13 20:07:45","2024-11-08 19:07:53",
933,1150,Estado de México,1000.00,0.00,0.00,"2024-09-13 20:07:45","2024-11-08 19:07:53",
934,1150,Michoacán de Ocampo,1000.00,0.00,0.00,"2024-09-13 20:07:45","2024-11-08 19:07:54",
935,1150,Morelos,1000.00,0.00,0.00,"2024-09-13 20:07:46","2024-11-08 19:07:55",
936,1150,Nayarit,1000.00,0.00,0.00,"2024-09-13 20:07:46","2024-11-08 19:07:55",
937,1150,Nuevo León,1000.00,0.00,0.00,"2024-09-13 20:07:47","2024-09-30 20:37:07",
938,1150,Oaxaca,1000.00,0.00,0.00,"2024-09-13 20:07:47","2024-11-08 19:07:56",
939,1150,Puebla,1000.00,0.00,0.00,"2024-09-13 20:07:48","2024-11-08 19:07:57",
940,1150,Quintana Roo,1000.00,0.00,0.00,"2024-09-13 20:07:48","2024-11-08 19:07:58",
941,1150,Querétaro,1000.00,0.00,0.00,"2024-09-13 20:07:49","2024-11-08 19:07:58",
942,1150,Sinaloa,1000.00,0.00,0.00,"2024-09-13 20:07:49","2024-11-08 19:07:59",
943,1150,San Luis Potosí,1000.00,0.00,0.00,"2024-09-13 20:07:50","2024-11-08 19:07:59",
944,1150,Sonora,1000.00,0.00,0.00,"2024-09-13 20:07:50","2024-11-08 19:08:00",
945,1150,Tabasco,1000.00,0.00,0.00,"2024-09-13 20:07:51","2024-11-08 19:08:00",
946,1150,Tamaulipas,1000.00,0.00,0.00,"2024-09-13 20:07:51","2024-11-08 19:08:01",
947,1150,Tlaxcala,1000.00,0.00,0.00,"2024-09-13 20:07:52","2024-11-08 19:08:01",
948,1150,Veracruz de Ignacio de la Llave,1000.00,0.00,0.00,"2024-09-13 20:07:52","2024-11-08 19:08:02",
949,1150,Yucatán,1000.00,0.00,0.00,"2024-09-13 20:07:52","2024-11-08 19:08:03",
950,1150,Zacatecas,1000.00,0.00,0.00,"2024-09-13 20:07:53","2024-11-08 19:08:03",
951,1151,México,2000.00,0.00,0.00,"2024-09-13 20:07:38","2024-10-25 16:06:50",
952,1151,Jalisco,2000.00,0.00,0.00,"2024-09-13 20:07:38","2024-10-25 16:06:51",
953,1151,Aguascalientes,2000.00,0.00,0.00,"2024-09-13 20:07:39","2024-10-25 16:06:51",
954,1151,Baja California,2000.00,0.00,0.00,"2024-09-13 20:07:39","2024-10-25 16:06:52",
955,1151,Baja California Sur,2000.00,0.00,0.00,"2024-09-13 20:07:40","2024-10-25 16:06:53",
956,1151,Campeche,2000.00,0.00,0.00,"2024-09-13 20:07:40","2024-10-25 16:06:53",
957,1151,Coahuila de Zaragoza,2000.00,0.00,0.00,"2024-09-13 20:07:41","2024-10-25 16:06:54",
958,1151,Colima,2000.00,0.00,0.00,"2024-09-13 20:07:41","2024-10-25 16:06:54",
959,1151,Chiapas,2000.00,0.00,0.00,"2024-09-13 20:07:42","2024-10-25 16:06:55",
960,1151,Ciudad de México,2000.00,0.00,0.00,"2024-09-13 20:07:42","2024-10-30 16:15:32",
961,1151,Chihuahua,2000.00,0.00,0.00,"2024-09-13 20:07:43","2024-10-25 16:06:56",
962,1151,Guanajuato,2000.00,0.00,0.00,"2024-09-13 20:07:43","2024-10-25 16:06:56",
963,1151,Durango,2000.00,0.00,0.00,"2024-09-13 20:07:44","2024-10-25 16:06:57",
964,1151,Guerrero,2000.00,0.00,0.00,"2024-09-13 20:07:44","2024-10-25 16:06:57",
965,1151,Hidalgo,2000.00,0.00,0.00,"2024-09-13 20:07:45","2024-10-25 16:06:57",
966,1151,Estado de México,2000.00,0.00,0.00,"2024-09-13 20:07:45","2024-10-25 16:06:58",
967,1151,Michoacán de Ocampo,2000.00,0.00,0.00,"2024-09-13 20:07:45","2024-10-25 16:06:58",
968,1151,Morelos,2000.00,0.00,0.00,"2024-09-13 20:07:46","2024-10-25 16:06:59",
969,1151,Nayarit,2000.00,0.00,0.00,"2024-09-13 20:07:46","2024-10-25 16:07:00",
970,1151,Nuevo León,2000.00,0.00,0.00,"2024-09-13 20:07:47","2024-10-25 16:07:00",
971,1151,Oaxaca,2000.00,0.00,0.00,"2024-09-13 20:07:47","2024-10-25 16:07:01",
972,1151,Puebla,2000.00,0.00,0.00,"2024-09-13 20:07:48","2024-10-25 16:07:01",
973,1151,Quintana Roo,2000.00,0.00,0.00,"2024-09-13 20:07:48","2024-10-25 16:07:02",
974,1151,Querétaro,2000.00,0.00,0.00,"2024-09-13 20:07:49","2024-10-25 16:07:02",
975,1151,Sinaloa,2000.00,0.00,0.00,"2024-09-13 20:07:49","2024-10-25 16:07:03",
976,1151,San Luis Potosí,2000.00,0.00,0.00,"2024-09-13 20:07:50","2024-10-25 16:07:03",
977,1151,Sonora,2000.00,0.00,0.00,"2024-09-13 20:07:50","2024-10-25 16:07:04",
978,1151,Tabasco,2000.00,0.00,0.00,"2024-09-13 20:07:51","2024-10-25 16:07:04",
979,1151,Tamaulipas,2000.00,0.00,0.00,"2024-09-13 20:07:51","2024-10-25 16:07:05",
980,1151,Tlaxcala,2000.00,0.00,0.00,"2024-09-13 20:07:52","2024-10-25 16:07:05",
981,1151,Veracruz de Ignacio de la Llave,2000.00,0.00,0.00,"2024-09-13 20:07:52","2024-10-25 16:07:06",
982,1151,Yucatán,2000.00,0.00,0.00,"2024-09-13 20:07:52","2024-10-25 16:07:07",
983,1151,Zacatecas,2000.00,0.00,0.00,"2024-09-13 20:07:53","2024-10-25 16:07:07",
984,1154,Argentina,0.00,0.00,0.00,"2024-09-13 19:06:01","2024-09-13 19:06:01",
985,1154,Cdad. Autónoma de Buenos Aires,0.00,0.00,0.00,"2024-09-13 19:06:01","2024-09-19 03:57:38",
986,1154,Buenos Aires,0.00,0.00,0.00,"2024-09-13 19:06:02","2024-09-13 19:06:02",
987,1154,Catamarca,200000.00,0.00,0.00,"2024-09-13 19:06:02","2024-10-01 15:37:55",
988,1154,Chaco,200000.00,0.00,0.00,"2024-09-13 19:06:03","2024-10-01 15:37:55",
989,1154,Chubut,200000.00,0.00,0.00,"2024-09-13 19:06:04","2024-10-01 15:37:56",
990,1154,Córdoba,200000.00,0.00,0.00,"2024-09-13 19:06:04","2024-10-01 15:37:56",
991,1154,Corrientes,200000.00,0.00,0.00,"2024-09-13 19:06:05","2024-10-01 15:37:57",
992,1154,Entre Ríos,200000.00,0.00,0.00,"2024-09-13 19:06:05","2024-10-01 15:37:57",
993,1154,Formosa,200000.00,0.00,0.00,"2024-09-13 19:06:06","2024-10-01 15:37:58",
994,1154,Jujuy,200000.00,0.00,0.00,"2024-09-13 19:06:06","2024-10-01 15:37:58",
995,1154,La Pampa,200000.00,0.00,0.00,"2024-09-13 19:06:07","2024-10-01 15:37:58",
996,1154,La Rioja,200000.00,0.00,0.00,"2024-09-13 19:06:07","2024-10-01 15:37:59",
997,1154,Mendoza,200000.00,0.00,0.00,"2024-09-13 19:06:08","2024-10-01 15:37:59",
998,1154,Misiones,200000.00,0.00,0.00,"2024-09-13 19:06:08","2024-10-01 15:38:00",
999,1154,Neuquén,200000.00,0.00,0.00,"2024-09-13 19:06:09","2024-10-01 15:38:00",
1000,1154,Rio Negro,200000.00,0.00,0.00,"2024-09-13 19:06:10","2024-10-01 15:38:01",
1001,1154,Salta,200000.00,0.00,0.00,"2024-09-13 19:06:11","2024-10-01 15:38:01",
1002,1154,San Juan,200000.00,0.00,0.00,"2024-09-13 19:06:12","2024-10-01 15:38:02",
1003,1154,San Luis,200000.00,0.00,0.00,"2024-09-13 19:06:12","2024-10-01 15:38:02",
1004,1154,Santa Cruz,200000.00,0.00,0.00,"2024-09-13 19:06:13","2024-10-01 15:38:03",
1005,1154,Santa Fe,200000.00,0.00,0.00,"2024-09-13 19:06:14","2024-10-01 15:38:03",
1006,1154,Santiago Del Estero,200000.00,0.00,0.00,"2024-09-13 19:06:14","2024-10-01 15:38:04",
1007,1154,"Tierra del Fuego, Antártida e Islas del Atlántico Sur",200000.00,0.00,0.00,"2024-09-13 19:06:15","2024-10-01 15:38:04",
1008,1154,Tucumán,200000.00,0.00,0.00,"2024-09-13 19:06:15","2024-10-01 15:38:04",
1009,1155,México,0.00,0.00,0.00,"2024-09-13 20:07:38","2024-09-13 20:07:38",
1010,1155,Jalisco,0.00,0.00,0.00,"2024-09-13 20:07:38","2024-09-13 20:07:38",
1011,1155,Aguascalientes,0.00,0.00,0.00,"2024-09-13 20:07:39","2024-09-13 20:07:39",
1012,1155,Baja California,0.00,0.00,0.00,"2024-09-13 20:07:39","2024-09-13 20:07:39",
1013,1155,Baja California Sur,0.00,0.00,0.00,"2024-09-13 20:07:40","2024-09-13 20:07:40",
1014,1155,Campeche,0.00,0.00,0.00,"2024-09-13 20:07:40","2024-09-13 20:07:40",
1015,1155,Coahuila de Zaragoza,0.00,0.00,0.00,"2024-09-13 20:07:41","2024-09-13 20:07:41",
1016,1155,Colima,0.00,0.00,0.00,"2024-09-13 20:07:41","2024-09-13 20:07:41",
1017,1155,Chiapas,0.00,0.00,0.00,"2024-09-13 20:07:42","2024-09-13 20:07:42",
1018,1155,Ciudad de México,0.00,0.00,0.00,"2024-09-13 20:07:42","2024-10-30 16:15:33",
1019,1155,Chihuahua,0.00,0.00,0.00,"2024-09-13 20:07:43","2024-09-13 20:07:43",
1020,1155,Guanajuato,0.00,0.00,0.00,"2024-09-13 20:07:43","2024-09-13 20:07:43",
1021,1155,Durango,0.00,0.00,0.00,"2024-09-13 20:07:44","2024-09-13 20:07:44",
1022,1155,Guerrero,0.00,0.00,0.00,"2024-09-13 20:07:44","2024-09-13 20:07:44",
1023,1155,Hidalgo,0.00,0.00,0.00,"2024-09-13 20:07:45","2024-09-13 20:07:45",
1024,1155,Estado de México,0.00,0.00,0.00,"2024-09-13 20:07:45","2024-09-13 20:07:45",
1025,1155,Michoacán de Ocampo,0.00,0.00,0.00,"2024-09-13 20:07:45","2024-09-13 20:07:45",
1026,1155,Morelos,0.00,0.00,0.00,"2024-09-13 20:07:46","2024-09-13 20:07:46",
1027,1155,Nayarit,0.00,0.00,0.00,"2024-09-13 20:07:46","2024-09-13 20:07:46",
1028,1155,Nuevo León,0.00,0.00,0.00,"2024-09-13 20:07:47","2024-09-13 20:07:47",
1029,1155,Oaxaca,0.00,0.00,0.00,"2024-09-13 20:07:47","2024-09-13 20:07:47",
1030,1155,Puebla,0.00,0.00,0.00,"2024-09-13 20:07:48","2024-09-13 20:07:48",
1031,1155,Quintana Roo,0.00,0.00,0.00,"2024-09-13 20:07:48","2024-09-13 20:07:48",
1032,1155,Querétaro,0.00,0.00,0.00,"2024-09-13 20:07:49","2024-09-13 20:07:49",
1033,1155,Sinaloa,0.00,0.00,0.00,"2024-09-13 20:07:49","2024-09-13 20:07:49",
1034,1155,San Luis Potosí,0.00,0.00,0.00,"2024-09-13 20:07:50","2024-09-13 20:07:50",
1035,1155,Sonora,0.00,0.00,0.00,"2024-09-13 20:07:50","2024-09-13 20:07:50",
1036,1155,Tabasco,0.00,0.00,0.00,"2024-09-13 20:07:51","2024-09-13 20:07:51",
1037,1155,Tamaulipas,0.00,0.00,0.00,"2024-09-13 20:07:51","2024-09-13 20:07:51",
1038,1155,Tlaxcala,0.00,0.00,0.00,"2024-09-13 20:07:52","2024-09-13 20:07:52",
1039,1155,Veracruz de Ignacio de la Llave,0.00,0.00,0.00,"2024-09-13 20:07:52","2024-09-13 20:07:52",
1040,1155,Yucatán,0.00,0.00,0.00,"2024-09-13 20:07:52","2024-09-13 20:07:52",
1041,1155,Zacatecas,0.00,0.00,0.00,"2024-09-13 20:07:53","2024-09-13 20:07:53",
1042,1156,México,500.00,0.00,0.00,"2024-09-13 20:07:38","2024-11-12 16:48:47",
1043,1156,Jalisco,500.00,0.00,0.00,"2024-09-13 20:07:38","2024-11-12 16:48:48",
1044,1156,Aguascalientes,500.00,0.00,0.00,"2024-09-13 20:07:39","2024-11-12 16:48:48",
1045,1156,Baja California,500.00,0.00,0.00,"2024-09-13 20:07:39","2024-11-12 16:48:49",
1046,1156,Baja California Sur,500.00,0.00,0.00,"2024-09-13 20:07:40","2024-11-12 16:48:49",
1047,1156,Campeche,500.00,0.00,0.00,"2024-09-13 20:07:40","2024-11-12 16:48:50",
1048,1156,Coahuila de Zaragoza,500.00,0.00,0.00,"2024-09-13 20:07:41","2024-11-12 16:48:50",
1049,1156,Colima,500.00,0.00,0.00,"2024-09-13 20:07:41","2024-11-12 16:48:51",
1050,1156,Chiapas,500.00,0.00,0.00,"2024-09-13 20:07:42","2024-11-12 16:48:51",
1051,1156,Ciudad de México,500.00,0.00,0.00,"2024-09-13 20:07:42","2024-11-12 16:48:52",
1052,1156,Chihuahua,500.00,0.00,0.00,"2024-09-13 20:07:43","2024-11-12 16:48:52",
1053,1156,Guanajuato,500.00,0.00,0.00,"2024-09-13 20:07:43","2024-11-12 16:48:52",
1054,1156,Durango,500.00,0.00,0.00,"2024-09-13 20:07:44","2024-11-12 16:48:53",
1055,1156,Guerrero,500.00,0.00,0.00,"2024-09-13 20:07:44","2024-11-12 16:48:53",
1056,1156,Hidalgo,500.00,0.00,0.00,"2024-09-13 20:07:45","2024-11-12 16:48:54",
1057,1156,Estado de México,500.00,0.00,0.00,"2024-09-13 20:07:45","2024-11-12 16:48:54",
1058,1156,Michoacán de Ocampo,500.00,0.00,0.00,"2024-09-13 20:07:45","2024-11-12 16:48:55",
1059,1156,Morelos,500.00,0.00,0.00,"2024-09-13 20:07:46","2024-11-12 16:48:55",
1060,1156,Nayarit,500.00,0.00,0.00,"2024-09-13 20:07:46","2024-11-12 16:48:56",
1061,1156,Nuevo León,500.00,0.00,0.00,"2024-09-13 20:07:47","2024-11-12 16:48:56",
1062,1156,Oaxaca,500.00,0.00,0.00,"2024-09-13 20:07:47","2024-11-12 16:48:57",
1063,1156,Puebla,500.00,0.00,0.00,"2024-09-13 20:07:48","2024-11-12 16:48:57",
1064,1156,Quintana Roo,500.00,0.00,0.00,"2024-09-13 20:07:48","2024-11-12 16:48:58",
1065,1156,Querétaro,500.00,0.00,0.00,"2024-09-13 20:07:49","2024-11-12 16:48:58",
1066,1156,Sinaloa,500.00,0.00,0.00,"2024-09-13 20:07:49","2024-11-12 16:48:59",
1067,1156,San Luis Potosí,500.00,0.00,0.00,"2024-09-13 20:07:50","2024-11-12 16:48:59",
1068,1156,Sonora,500.00,0.00,0.00,"2024-09-13 20:07:50","2024-11-12 16:49:00",
1069,1156,Tabasco,500.00,0.00,0.00,"2024-09-13 20:07:51","2024-11-12 16:49:00",
1070,1156,Tamaulipas,500.00,0.00,0.00,"2024-09-13 20:07:51","2024-11-12 16:49:01",
1071,1156,Tlaxcala,500.00,0.00,0.00,"2024-09-13 20:07:52","2024-11-12 16:49:01",
1072,1156,Veracruz de Ignacio de la Llave,500.00,0.00,0.00,"2024-09-13 20:07:52","2024-11-12 16:49:02",
1073,1156,Yucatán,500.00,0.00,0.00,"2024-09-13 20:07:52","2024-11-12 16:49:02",
1074,1156,Zacatecas,500.00,0.00,0.00,"2024-09-13 20:07:53","2024-11-12 16:49:03",
1075,1157,México,0.00,0.00,0.00,"2024-09-13 20:07:38","2024-09-13 20:07:38",
1076,1157,Jalisco,0.00,0.00,0.00,"2024-09-13 20:07:38","2024-09-13 20:07:38",
1077,1157,Aguascalientes,0.00,0.00,0.00,"2024-09-13 20:07:39","2024-09-13 20:07:39",
1078,1157,Baja California,0.00,0.00,0.00,"2024-09-13 20:07:39","2024-09-13 20:07:39",
1079,1157,Baja California Sur,0.00,0.00,0.00,"2024-09-13 20:07:40","2024-09-13 20:07:40",
1080,1157,Campeche,0.00,0.00,0.00,"2024-09-13 20:07:40","2024-09-13 20:07:40",
1081,1157,Coahuila de Zaragoza,0.00,0.00,0.00,"2024-09-13 20:07:41","2024-09-13 20:07:41",
1082,1157,Colima,0.00,0.00,0.00,"2024-09-13 20:07:41","2024-09-13 20:07:41",
1083,1157,Chiapas,0.00,0.00,0.00,"2024-09-13 20:07:42","2024-09-13 20:07:42",
1084,1157,Ciudad de México,0.00,0.00,0.00,"2024-09-13 20:07:42","2024-10-30 16:15:34",
1085,1157,Chihuahua,0.00,0.00,0.00,"2024-09-13 20:07:43","2024-09-13 20:07:43",
1086,1157,Guanajuato,0.00,0.00,0.00,"2024-09-13 20:07:43","2024-09-13 20:07:43",
1087,1157,Durango,0.00,0.00,0.00,"2024-09-13 20:07:44","2024-09-13 20:07:44",
1088,1157,Guerrero,0.00,0.00,0.00,"2024-09-13 20:07:44","2024-09-13 20:07:44",
1089,1157,Hidalgo,0.00,0.00,0.00,"2024-09-13 20:07:45","2024-09-13 20:07:45",
1090,1157,Estado de México,0.00,0.00,0.00,"2024-09-13 20:07:45","2024-09-13 20:07:45",
1091,1157,Michoacán de Ocampo,0.00,0.00,0.00,"2024-09-13 20:07:45","2024-09-13 20:07:45",
1092,1157,Morelos,0.00,0.00,0.00,"2024-09-13 20:07:46","2024-09-13 20:07:46",
1093,1157,Nayarit,0.00,0.00,0.00,"2024-09-13 20:07:46","2024-09-13 20:07:46",
1094,1157,Nuevo León,0.00,0.00,0.00,"2024-09-13 20:07:47","2024-09-13 20:07:47",
1095,1157,Oaxaca,0.00,0.00,0.00,"2024-09-13 20:07:47","2024-09-13 20:07:47",
1096,1157,Puebla,0.00,0.00,0.00,"2024-09-13 20:07:48","2024-09-13 20:07:48",
1097,1157,Quintana Roo,0.00,0.00,0.00,"2024-09-13 20:07:48","2024-09-13 20:07:48",
1098,1157,Querétaro,0.00,0.00,0.00,"2024-09-13 20:07:49","2024-09-13 20:07:49",
1099,1157,Sinaloa,0.00,0.00,0.00,"2024-09-13 20:07:49","2024-09-13 20:07:49",
1100,1157,San Luis Potosí,0.00,0.00,0.00,"2024-09-13 20:07:50","2024-09-13 20:07:50",
1101,1157,Sonora,0.00,0.00,0.00,"2024-09-13 20:07:50","2024-09-13 20:07:50",
1102,1157,Tabasco,0.00,0.00,0.00,"2024-09-13 20:07:51","2024-09-13 20:07:51",
1103,1157,Tamaulipas,0.00,0.00,0.00,"2024-09-13 20:07:51","2024-09-13 20:07:51",
1104,1157,Tlaxcala,0.00,0.00,0.00,"2024-09-13 20:07:52","2024-09-13 20:07:52",
1105,1157,Veracruz de Ignacio de la Llave,0.00,0.00,0.00,"2024-09-13 20:07:52","2024-09-13 20:07:52",
1106,1157,Yucatán,0.00,0.00,0.00,"2024-09-13 20:07:52","2024-09-13 20:07:52",
1107,1157,Zacatecas,0.00,0.00,0.00,"2024-09-13 20:07:53","2024-09-13 20:07:53",
1108,1158,México,0.00,0.00,0.00,"2024-09-13 20:07:38","2024-09-13 20:07:38",
1109,1158,Jalisco,0.00,0.00,0.00,"2024-09-13 20:07:38","2024-09-13 20:07:38",
1110,1158,Aguascalientes,0.00,0.00,0.00,"2024-09-13 20:07:39","2024-09-13 20:07:39",
1111,1158,Baja California,0.00,0.00,0.00,"2024-09-13 20:07:39","2024-09-13 20:07:39",
1112,1158,Baja California Sur,0.00,0.00,0.00,"2024-09-13 20:07:40","2024-09-13 20:07:40",
1113,1158,Campeche,0.00,0.00,0.00,"2024-09-13 20:07:40","2024-09-13 20:07:40",
1114,1158,Coahuila de Zaragoza,0.00,0.00,0.00,"2024-09-13 20:07:41","2024-09-13 20:07:41",
1115,1158,Colima,0.00,0.00,0.00,"2024-09-13 20:07:41","2024-09-13 20:07:41",
1116,1158,Chiapas,0.00,0.00,0.00,"2024-09-13 20:07:42","2024-09-13 20:07:42",
1117,1158,Ciudad de México,0.00,0.00,0.00,"2024-09-13 20:07:42","2024-10-30 16:15:34",
1118,1158,Chihuahua,0.00,0.00,0.00,"2024-09-13 20:07:43","2024-09-13 20:07:43",
1119,1158,Guanajuato,0.00,0.00,0.00,"2024-09-13 20:07:43","2024-09-13 20:07:43",
1120,1158,Durango,0.00,0.00,0.00,"2024-09-13 20:07:44","2024-09-13 20:07:44",
1121,1158,Guerrero,0.00,0.00,0.00,"2024-09-13 20:07:44","2024-09-13 20:07:44",
1122,1158,Hidalgo,0.00,0.00,0.00,"2024-09-13 20:07:45","2024-09-13 20:07:45",
1123,1158,Estado de México,0.00,0.00,0.00,"2024-09-13 20:07:45","2024-09-13 20:07:45",
1124,1158,Michoacán de Ocampo,0.00,0.00,0.00,"2024-09-13 20:07:45","2024-09-13 20:07:45",
1125,1158,Morelos,0.00,0.00,0.00,"2024-09-13 20:07:46","2024-09-13 20:07:46",
1126,1158,Nayarit,0.00,0.00,0.00,"2024-09-13 20:07:46","2024-09-13 20:07:46",
1127,1158,Nuevo León,0.00,0.00,0.00,"2024-09-13 20:07:47","2024-09-13 20:07:47",
1128,1158,Oaxaca,0.00,0.00,0.00,"2024-09-13 20:07:47","2024-09-13 20:07:47",
1129,1158,Puebla,0.00,0.00,0.00,"2024-09-13 20:07:48","2024-09-13 20:07:48",
1130,1158,Quintana Roo,0.00,0.00,0.00,"2024-09-13 20:07:48","2024-09-13 20:07:48",
1131,1158,Querétaro,0.00,0.00,0.00,"2024-09-13 20:07:49","2024-09-13 20:07:49",
1132,1158,Sinaloa,0.00,0.00,0.00,"2024-09-13 20:07:49","2024-09-13 20:07:49",
1133,1158,San Luis Potosí,0.00,0.00,0.00,"2024-09-13 20:07:50","2024-09-13 20:07:50",
1134,1158,Sonora,0.00,0.00,0.00,"2024-09-13 20:07:50","2024-09-13 20:07:50",
1135,1158,Tabasco,0.00,0.00,0.00,"2024-09-13 20:07:51","2024-09-13 20:07:51",
1136,1158,Tamaulipas,0.00,0.00,0.00,"2024-09-13 20:07:51","2024-09-13 20:07:51",
1137,1158,Tlaxcala,0.00,0.00,0.00,"2024-09-13 20:07:52","2024-09-13 20:07:52",
1138,1158,Veracruz de Ignacio de la Llave,0.00,0.00,0.00,"2024-09-13 20:07:52","2024-09-13 20:07:52",
1139,1158,Yucatán,0.00,0.00,0.00,"2024-09-13 20:07:52","2024-09-13 20:07:52",
1140,1158,Zacatecas,0.00,0.00,0.00,"2024-09-13 20:07:53","2024-09-13 20:07:53",
1141,1159,México,10000.00,0.00,0.00,"2024-09-13 20:07:38","2024-11-20 20:41:43",
1142,1159,Jalisco,10000.00,0.00,0.00,"2024-09-13 20:07:38","2024-11-20 20:41:43",
1143,1159,Aguascalientes,10000.00,0.00,0.00,"2024-09-13 20:07:39","2024-11-20 20:41:44",
1144,1159,Baja California,10000.00,0.00,0.00,"2024-09-13 20:07:39","2024-11-20 20:41:44",
1145,1159,Baja California Sur,10000.00,0.00,0.00,"2024-09-13 20:07:40","2024-11-20 20:41:45",
1146,1159,Campeche,10000.00,0.00,0.00,"2024-09-13 20:07:40","2024-11-20 20:41:45",
1147,1159,Coahuila de Zaragoza,10000.00,0.00,0.00,"2024-09-13 20:07:41","2024-11-20 20:41:45",
1148,1159,Colima,10000.00,0.00,0.00,"2024-09-13 20:07:41","2024-11-20 20:41:46",
1149,1159,Chiapas,10000.00,0.00,0.00,"2024-09-13 20:07:42","2024-11-20 20:41:46",
1150,1159,Ciudad de México,3000.00,0.00,0.00,"2024-09-13 20:07:42","2024-12-30 19:26:57",
1151,1159,Chihuahua,10000.00,0.00,0.00,"2024-09-13 20:07:43","2024-11-20 20:41:47",
1152,1159,Guanajuato,10000.00,0.00,0.00,"2024-09-13 20:07:43","2024-11-20 20:41:48",
1153,1159,Durango,10000.00,0.00,0.00,"2024-09-13 20:07:44","2024-11-20 20:41:48",
1154,1159,Guerrero,10000.00,0.00,0.00,"2024-09-13 20:07:44","2024-11-20 20:41:49",
1155,1159,Hidalgo,10000.00,0.00,0.00,"2024-09-13 20:07:45","2024-11-20 20:41:49",
1156,1159,Estado de México,10000.00,0.00,0.00,"2024-09-13 20:07:45","2024-11-20 20:41:50",
1157,1159,Michoacán de Ocampo,10000.00,0.00,0.00,"2024-09-13 20:07:45","2024-11-20 20:41:50",
1158,1159,Morelos,10000.00,0.00,0.00,"2024-09-13 20:07:46","2024-11-20 20:41:51",
1159,1159,Nayarit,10000.00,0.00,0.00,"2024-09-13 20:07:46","2024-11-20 20:41:51",
1160,1159,Nuevo León,10000.00,0.00,0.00,"2024-09-13 20:07:47","2024-11-20 20:41:52",
1161,1159,Oaxaca,10000.00,0.00,0.00,"2024-09-13 20:07:47","2024-11-20 20:41:52",
1162,1159,Puebla,10000.00,0.00,0.00,"2024-09-13 20:07:48","2024-11-20 20:41:53",
1163,1159,Quintana Roo,10000.00,0.00,0.00,"2024-09-13 20:07:48","2024-11-20 20:41:53",
1164,1159,Querétaro,10000.00,0.00,0.00,"2024-09-13 20:07:49","2024-11-20 20:41:53",
1165,1159,Sinaloa,10000.00,0.00,0.00,"2024-09-13 20:07:49","2024-11-20 20:41:54",
1166,1159,San Luis Potosí,10000.00,0.00,0.00,"2024-09-13 20:07:50","2024-11-20 20:41:54",
1167,1159,Sonora,10000.00,0.00,0.00,"2024-09-13 20:07:50","2024-11-20 20:41:55",
1168,1159,Tabasco,10000.00,0.00,0.00,"2024-09-13 20:07:51","2024-11-20 20:41:55",
1169,1159,Tamaulipas,10000.00,0.00,0.00,"2024-09-13 20:07:51","2024-11-20 20:41:56",
1170,1159,Tlaxcala,10000.00,0.00,0.00,"2024-09-13 20:07:52","2024-11-20 20:41:56",
1171,1159,Veracruz de Ignacio de la Llave,10000.00,0.00,0.00,"2024-09-13 20:07:52","2024-11-20 20:41:57",
1172,1159,Yucatán,10000.00,0.00,0.00,"2024-09-13 20:07:52","2024-11-20 20:41:57",
1173,1159,Zacatecas,10000.00,0.00,0.00,"2024-09-13 20:07:53","2024-11-20 20:41:58",
1174,1160,México,0.00,0.00,0.00,"2024-09-13 20:07:38","2024-09-13 20:07:38",
1175,1160,Jalisco,15000.00,0.00,0.00,"2024-09-13 20:07:38","2024-10-28 18:38:46",
1176,1160,Aguascalientes,0.00,0.00,0.00,"2024-09-13 20:07:39","2024-09-13 20:07:39",
1177,1160,Baja California,0.00,0.00,0.00,"2024-09-13 20:07:39","2024-09-13 20:07:39",
1178,1160,Baja California Sur,0.00,0.00,0.00,"2024-09-13 20:07:40","2024-09-13 20:07:40",
1179,1160,Campeche,0.00,0.00,0.00,"2024-09-13 20:07:40","2024-09-13 20:07:40",
1180,1160,Coahuila de Zaragoza,0.00,0.00,0.00,"2024-09-13 20:07:41","2024-09-13 20:07:41",
1181,1160,Colima,0.00,0.00,0.00,"2024-09-13 20:07:41","2024-09-13 20:07:41",
1182,1160,Chiapas,0.00,0.00,0.00,"2024-09-13 20:07:42","2024-09-13 20:07:42",
1183,1160,Ciudad de México,700.00,0.00,0.00,"2024-09-13 20:07:42","2025-01-07 15:37:34",
1184,1160,Chihuahua,0.00,0.00,0.00,"2024-09-13 20:07:43","2024-09-13 20:07:43",
1185,1160,Guanajuato,0.00,0.00,0.00,"2024-09-13 20:07:43","2024-09-13 20:07:43",
1186,1160,Durango,0.00,0.00,0.00,"2024-09-13 20:07:44","2024-09-13 20:07:44",
1187,1160,Guerrero,0.00,0.00,0.00,"2024-09-13 20:07:44","2024-09-13 20:07:44",
1188,1160,Hidalgo,0.00,0.00,0.00,"2024-09-13 20:07:45","2024-09-13 20:07:45",
1189,1160,Estado de México,1500.00,0.00,0.00,"2024-09-13 20:07:45","2025-01-07 15:37:35",
1190,1160,Michoacán de Ocampo,0.00,0.00,0.00,"2024-09-13 20:07:45","2024-09-13 20:07:45",
1191,1160,Morelos,0.00,0.00,0.00,"2024-09-13 20:07:46","2024-09-13 20:07:46",
1192,1160,Nayarit,0.00,0.00,0.00,"2024-09-13 20:07:46","2024-09-13 20:07:46",
1193,1160,Nuevo León,0.00,0.00,0.00,"2024-09-13 20:07:47","2024-09-13 20:07:47",
1194,1160,Oaxaca,0.00,0.00,0.00,"2024-09-13 20:07:47","2024-09-13 20:07:47",
1195,1160,Puebla,0.00,0.00,0.00,"2024-09-13 20:07:48","2024-09-13 20:07:48",
1196,1160,Quintana Roo,0.00,0.00,0.00,"2024-09-13 20:07:48","2024-09-13 20:07:48",
1197,1160,Querétaro,10000.00,0.00,0.00,"2024-09-13 20:07:49","2024-10-28 18:38:47",
1198,1160,Sinaloa,0.00,0.00,0.00,"2024-09-13 20:07:49","2024-09-13 20:07:49",
1199,1160,San Luis Potosí,0.00,0.00,0.00,"2024-09-13 20:07:50","2024-09-13 20:07:50",
1200,1160,Sonora,0.00,0.00,0.00,"2024-09-13 20:07:50","2024-09-13 20:07:50",
1201,1160,Tabasco,0.00,0.00,0.00,"2024-09-13 20:07:51","2024-09-13 20:07:51",
1202,1160,Tamaulipas,0.00,0.00,0.00,"2024-09-13 20:07:51","2024-09-13 20:07:51",
1203,1160,Tlaxcala,0.00,0.00,0.00,"2024-09-13 20:07:52","2024-09-13 20:07:52",
1204,1160,Veracruz de Ignacio de la Llave,0.00,0.00,0.00,"2024-09-13 20:07:52","2024-09-13 20:07:52",
1205,1160,Yucatán,0.00,0.00,0.00,"2024-09-13 20:07:52","2024-09-13 20:07:52",
1206,1160,Zacatecas,0.00,0.00,0.00,"2024-09-13 20:07:53","2024-09-13 20:07:53",
1207,1161,México,2000.00,0.00,0.00,"2024-09-13 20:07:38","2024-09-25 03:18:47",
1208,1161,Jalisco,2000.00,0.00,0.00,"2024-09-13 20:07:38","2024-09-25 03:18:47",
1209,1161,Aguascalientes,2000.00,0.00,0.00,"2024-09-13 20:07:39","2024-09-25 03:18:48",
1210,1161,Baja California,2000.00,0.00,0.00,"2024-09-13 20:07:39","2024-09-25 03:18:48",
1211,1161,Baja California Sur,2000.00,0.00,0.00,"2024-09-13 20:07:40","2024-09-25 03:18:49",
1212,1161,Campeche,2000.00,0.00,0.00,"2024-09-13 20:07:40","2024-09-25 03:18:49",
1213,1161,Coahuila de Zaragoza,2000.00,0.00,0.00,"2024-09-13 20:07:41","2024-09-25 03:18:50",
1214,1161,Colima,2000.00,0.00,0.00,"2024-09-13 20:07:41","2024-09-25 03:18:50",
1215,1161,Chiapas,2000.00,0.00,0.00,"2024-09-13 20:07:42","2024-09-25 03:18:51",
1216,1161,Ciudad de México,1500.00,0.00,0.00,"2024-09-13 20:07:42","2024-12-13 20:22:17",
1217,1161,Chihuahua,2000.00,0.00,0.00,"2024-09-13 20:07:43","2024-09-25 03:18:52",
1218,1161,Guanajuato,1500.00,0.00,0.00,"2024-09-13 20:07:43","2024-12-13 19:56:26",
1219,1161,Durango,2000.00,0.00,0.00,"2024-09-13 20:07:44","2024-09-25 03:18:53",
1220,1161,Guerrero,1500.00,0.00,0.00,"2024-09-13 20:07:44","2024-12-13 19:57:08",
1221,1161,Hidalgo,1500.00,0.00,0.00,"2024-09-13 20:07:45","2024-12-13 19:57:16",
1222,1161,Estado de México,1500.00,0.00,0.00,"2024-09-13 20:07:45","2024-12-13 19:57:18",
1223,1161,Michoacán de Ocampo,1500.00,0.00,0.00,"2024-09-13 20:07:45","2024-12-13 19:57:19",
1224,1161,Morelos,2000.00,0.00,0.00,"2024-09-13 20:07:46","2024-09-25 03:18:55",
1225,1161,Nayarit,2000.00,0.00,0.00,"2024-09-13 20:07:46","2024-09-25 03:18:56",
1226,1161,Nuevo León,2000.00,0.00,0.00,"2024-09-13 20:07:47","2024-09-25 03:18:56",
1227,1161,Oaxaca,2000.00,0.00,0.00,"2024-09-13 20:07:47","2024-09-25 03:18:57",
1228,1161,Puebla,2000.00,0.00,0.00,"2024-09-13 20:07:48","2024-09-25 03:18:57",
1229,1161,Quintana Roo,2000.00,0.00,0.00,"2024-09-13 20:07:48","2024-09-25 03:18:58",
1230,1161,Querétaro,1500.00,0.00,0.00,"2024-09-13 20:07:49","2024-12-13 19:57:20",
1231,1161,Sinaloa,2000.00,0.00,0.00,"2024-09-13 20:07:49","2024-09-25 03:18:59",
1232,1161,San Luis Potosí,2000.00,0.00,0.00,"2024-09-13 20:07:50","2024-09-25 03:18:59",
1233,1161,Sonora,2000.00,0.00,0.00,"2024-09-13 20:07:50","2024-09-25 03:19:00",
1234,1161,Tabasco,2000.00,0.00,0.00,"2024-09-13 20:07:51","2024-09-25 03:19:00",
1235,1161,Tamaulipas,2000.00,0.00,0.00,"2024-09-13 20:07:51","2024-09-25 03:19:01",
1236,1161,Tlaxcala,2000.00,0.00,0.00,"2024-09-13 20:07:52","2024-09-25 03:19:01",
1237,1161,Veracruz de Ignacio de la Llave,2000.00,0.00,0.00,"2024-09-13 20:07:52","2024-09-25 03:19:02",
1238,1161,Yucatán,2000.00,0.00,0.00,"2024-09-13 20:07:52","2024-09-25 03:19:02",
1239,1161,Zacatecas,2000.00,0.00,0.00,"2024-09-13 20:07:53","2024-09-25 03:19:03",
1240,1162,México,0.00,0.00,0.00,"2024-09-13 20:07:38","2024-09-13 20:07:38",
1241,1162,Jalisco,0.00,0.00,0.00,"2024-09-13 20:07:38","2024-09-13 20:07:38",
1242,1162,Aguascalientes,0.00,0.00,0.00,"2024-09-13 20:07:39","2024-09-13 20:07:39",
1243,1162,Baja California,0.00,0.00,0.00,"2024-09-13 20:07:39","2024-09-13 20:07:39",
1244,1162,Baja California Sur,0.00,0.00,0.00,"2024-09-13 20:07:40","2024-09-13 20:07:40",
1245,1162,Campeche,0.00,0.00,0.00,"2024-09-13 20:07:40","2024-09-13 20:07:40",
1246,1162,Coahuila de Zaragoza,0.00,0.00,0.00,"2024-09-13 20:07:41","2024-09-13 20:07:41",
1247,1162,Colima,0.00,0.00,0.00,"2024-09-13 20:07:41","2024-09-13 20:07:41",
1248,1162,Chiapas,0.00,0.00,0.00,"2024-09-13 20:07:42","2024-09-13 20:07:42",
1249,1162,Ciudad de México,0.00,0.00,0.00,"2024-09-13 20:07:42","2024-10-30 16:15:36",
1250,1162,Chihuahua,0.00,0.00,0.00,"2024-09-13 20:07:43","2024-09-13 20:07:43",
1251,1162,Guanajuato,0.00,0.00,0.00,"2024-09-13 20:07:43","2024-09-13 20:07:43",
1252,1162,Durango,0.00,0.00,0.00,"2024-09-13 20:07:44","2024-09-13 20:07:44",
1253,1162,Guerrero,0.00,0.00,0.00,"2024-09-13 20:07:44","2024-09-13 20:07:44",
1254,1162,Hidalgo,0.00,0.00,0.00,"2024-09-13 20:07:45","2024-09-13 20:07:45",
1255,1162,Estado de México,0.00,0.00,0.00,"2024-09-13 20:07:45","2024-09-13 20:07:45",
1256,1162,Michoacán de Ocampo,0.00,0.00,0.00,"2024-09-13 20:07:45","2024-09-13 20:07:45",
1257,1162,Morelos,0.00,0.00,0.00,"2024-09-13 20:07:46","2024-09-13 20:07:46",
1258,1162,Nayarit,0.00,0.00,0.00,"2024-09-13 20:07:46","2024-09-13 20:07:46",
1259,1162,Nuevo León,0.00,0.00,0.00,"2024-09-13 20:07:47","2024-09-13 20:07:47",
1260,1162,Oaxaca,0.00,0.00,0.00,"2024-09-13 20:07:47","2024-09-13 20:07:47",
1261,1162,Puebla,0.00,0.00,0.00,"2024-09-13 20:07:48","2024-09-13 20:07:48",
1262,1162,Quintana Roo,0.00,0.00,0.00,"2024-09-13 20:07:48","2024-09-13 20:07:48",
1263,1162,Querétaro,0.00,0.00,0.00,"2024-09-13 20:07:49","2024-09-13 20:07:49",
1264,1162,Sinaloa,0.00,0.00,0.00,"2024-09-13 20:07:49","2024-09-13 20:07:49",
1265,1162,San Luis Potosí,0.00,0.00,0.00,"2024-09-13 20:07:50","2024-09-13 20:07:50",
1266,1162,Sonora,0.00,0.00,0.00,"2024-09-13 20:07:50","2024-09-13 20:07:50",
1267,1162,Tabasco,0.00,0.00,0.00,"2024-09-13 20:07:51","2024-09-13 20:07:51",
1268,1162,Tamaulipas,0.00,0.00,0.00,"2024-09-13 20:07:51","2024-09-13 20:07:51",
1269,1162,Tlaxcala,0.00,0.00,0.00,"2024-09-13 20:07:52","2024-09-13 20:07:52",
1270,1162,Veracruz de Ignacio de la Llave,0.00,0.00,0.00,"2024-09-13 20:07:52","2024-09-13 20:07:52",
1271,1162,Yucatán,0.00,0.00,0.00,"2024-09-13 20:07:52","2024-09-13 20:07:52",
1272,1162,Zacatecas,0.00,0.00,0.00,"2024-09-13 20:07:53","2024-09-13 20:07:53",
1273,1163,México,0.00,0.00,0.00,"2024-09-13 20:07:38","2024-09-13 20:07:38",
1274,1163,Jalisco,0.00,0.00,0.00,"2024-09-13 20:07:38","2024-09-13 20:07:38",
1275,1163,Aguascalientes,0.00,0.00,0.00,"2024-09-13 20:07:39","2024-09-13 20:07:39",
1276,1163,Baja California,0.00,0.00,0.00,"2024-09-13 20:07:39","2024-09-13 20:07:39",
1277,1163,Baja California Sur,0.00,0.00,0.00,"2024-09-13 20:07:40","2024-09-13 20:07:40",
1278,1163,Campeche,0.00,0.00,0.00,"2024-09-13 20:07:40","2024-09-13 20:07:40",
1279,1163,Coahuila de Zaragoza,0.00,0.00,0.00,"2024-09-13 20:07:41","2024-09-13 20:07:41",
1280,1163,Colima,0.00,0.00,0.00,"2024-09-13 20:07:41","2024-09-13 20:07:41",
1281,1163,Chiapas,0.00,0.00,0.00,"2024-09-13 20:07:42","2024-09-13 20:07:42",
1282,1163,Ciudad de México,350.00,0.00,0.00,"2024-09-13 20:07:42","2024-11-12 16:49:30",
1283,1163,Chihuahua,0.00,0.00,0.00,"2024-09-13 20:07:43","2024-09-13 20:07:43",
1284,1163,Guanajuato,0.00,0.00,0.00,"2024-09-13 20:07:43","2024-09-13 20:07:43",
1285,1163,Durango,0.00,0.00,0.00,"2024-09-13 20:07:44","2024-09-13 20:07:44",
1286,1163,Guerrero,0.00,0.00,0.00,"2024-09-13 20:07:44","2024-09-13 20:07:44",
1287,1163,Hidalgo,0.00,0.00,0.00,"2024-09-13 20:07:45","2024-09-13 20:07:45",
1288,1163,Estado de México,350.00,0.00,0.00,"2024-09-13 20:07:45","2024-11-12 16:49:30",
1289,1163,Michoacán de Ocampo,0.00,0.00,0.00,"2024-09-13 20:07:45","2024-09-13 20:07:45",
1290,1163,Morelos,0.00,0.00,0.00,"2024-09-13 20:07:46","2024-09-13 20:07:46",
1291,1163,Nayarit,0.00,0.00,0.00,"2024-09-13 20:07:46","2024-09-13 20:07:46",
1292,1163,Nuevo León,0.00,0.00,0.00,"2024-09-13 20:07:47","2024-09-13 20:07:47",
1293,1163,Oaxaca,0.00,0.00,0.00,"2024-09-13 20:07:47","2024-09-13 20:07:47",
1294,1163,Puebla,0.00,0.00,0.00,"2024-09-13 20:07:48","2024-09-13 20:07:48",
1295,1163,Quintana Roo,0.00,0.00,0.00,"2024-09-13 20:07:48","2024-09-13 20:07:48",
1296,1163,Querétaro,0.00,0.00,0.00,"2024-09-13 20:07:49","2024-09-13 20:07:49",
1297,1163,Sinaloa,0.00,0.00,0.00,"2024-09-13 20:07:49","2024-09-13 20:07:49",
1298,1163,San Luis Potosí,0.00,0.00,0.00,"2024-09-13 20:07:50","2024-09-13 20:07:50",
1299,1163,Sonora,0.00,0.00,0.00,"2024-09-13 20:07:50","2024-09-13 20:07:50",
1300,1163,Tabasco,0.00,0.00,0.00,"2024-09-13 20:07:51","2024-09-13 20:07:51",
1301,1163,Tamaulipas,0.00,0.00,0.00,"2024-09-13 20:07:51","2024-09-13 20:07:51",
1302,1163,Tlaxcala,0.00,0.00,0.00,"2024-09-13 20:07:52","2024-09-13 20:07:52",
1303,1163,Veracruz de Ignacio de la Llave,0.00,0.00,0.00,"2024-09-13 20:07:52","2024-09-13 20:07:52",
1304,1163,Yucatán,0.00,0.00,0.00,"2024-09-13 20:07:52","2024-09-13 20:07:52",
1305,1163,Zacatecas,0.00,0.00,0.00,"2024-09-13 20:07:53","2024-09-13 20:07:53",
1306,1164,México,30000.00,0.00,0.00,"2024-09-13 20:07:38","2024-10-18 16:30:56",
1307,1164,Jalisco,30000.00,0.00,0.00,"2024-09-13 20:07:38","2024-10-18 16:30:56",
1308,1164,Aguascalientes,30000.00,0.00,0.00,"2024-09-13 20:07:39","2024-10-18 16:30:57",
1309,1164,Baja California,30000.00,0.00,0.00,"2024-09-13 20:07:39","2024-10-18 16:30:58",
1310,1164,Baja California Sur,30000.00,0.00,0.00,"2024-09-13 20:07:40","2024-10-18 16:30:58",
1311,1164,Campeche,30000.00,0.00,0.00,"2024-09-13 20:07:40","2024-10-18 16:31:00",
1312,1164,Coahuila de Zaragoza,30000.00,0.00,0.00,"2024-09-13 20:07:41","2024-10-18 16:31:00",
1313,1164,Colima,30000.00,0.00,0.00,"2024-09-13 20:07:41","2024-10-18 16:31:01",
1314,1164,Chiapas,30000.00,0.00,0.00,"2024-09-13 20:07:42","2024-10-18 16:31:01",
1315,1164,Ciudad de México,20000.00,0.00,0.00,"2024-09-13 20:07:42","2024-10-30 16:15:38",
1316,1164,Chihuahua,30000.00,0.00,0.00,"2024-09-13 20:07:43","2024-10-18 16:31:02",
1317,1164,Guanajuato,30000.00,0.00,0.00,"2024-09-13 20:07:43","2024-10-18 16:31:03",
1318,1164,Durango,30000.00,0.00,0.00,"2024-09-13 20:07:44","2024-10-18 16:31:04",
1319,1164,Guerrero,30000.00,0.00,0.00,"2024-09-13 20:07:44","2024-10-18 16:31:05",
1320,1164,Hidalgo,30000.00,0.00,0.00,"2024-09-13 20:07:45","2024-10-18 16:31:05",
1321,1164,Estado de México,30000.00,0.00,0.00,"2024-09-13 20:07:45","2024-10-18 16:31:06",
1322,1164,Michoacán de Ocampo,30000.00,0.00,0.00,"2024-09-13 20:07:45","2024-10-18 16:31:07",
1323,1164,Morelos,30000.00,0.00,0.00,"2024-09-13 20:07:46","2024-10-18 16:31:07",
1324,1164,Nayarit,30000.00,0.00,0.00,"2024-09-13 20:07:46","2024-10-18 16:31:08",
1325,1164,Nuevo León,30000.00,0.00,0.00,"2024-09-13 20:07:47","2024-10-18 16:31:09",
1326,1164,Oaxaca,30000.00,0.00,0.00,"2024-09-13 20:07:47","2024-10-18 16:31:09",
1327,1164,Puebla,30000.00,0.00,0.00,"2024-09-13 20:07:48","2024-10-18 16:31:10",
1328,1164,Quintana Roo,30000.00,0.00,0.00,"2024-09-13 20:07:48","2024-10-18 16:31:13",
1329,1164,Querétaro,30000.00,0.00,0.00,"2024-09-13 20:07:49","2024-10-18 16:31:13",
1330,1164,Sinaloa,30000.00,0.00,0.00,"2024-09-13 20:07:49","2024-10-18 16:31:14",
1331,1164,San Luis Potosí,30000.00,0.00,0.00,"2024-09-13 20:07:50","2024-10-18 16:31:15",
1332,1164,Sonora,30000.00,0.00,0.00,"2024-09-13 20:07:50","2024-10-18 16:31:15",
1333,1164,Tabasco,30000.00,0.00,0.00,"2024-09-13 20:07:51","2024-10-18 16:31:16",
1334,1164,Tamaulipas,30000.00,0.00,0.00,"2024-09-13 20:07:51","2024-10-18 16:31:17",
1335,1164,Tlaxcala,30000.00,0.00,0.00,"2024-09-13 20:07:52","2024-10-18 16:31:18",
1336,1164,Veracruz de Ignacio de la Llave,30000.00,0.00,0.00,"2024-09-13 20:07:52","2024-10-18 16:31:19",
1337,1164,Yucatán,30000.00,0.00,0.00,"2024-09-13 20:07:52","2024-10-18 16:31:19",
1338,1164,Zacatecas,30000.00,0.00,0.00,"2024-09-13 20:07:53","2024-10-18 16:31:20",
1339,1165,México,0.00,0.00,0.00,"2024-09-13 20:07:38","2024-09-13 20:07:38",
1340,1165,Jalisco,0.00,0.00,0.00,"2024-09-13 20:07:38","2024-09-13 20:07:38",
1341,1165,Aguascalientes,0.00,0.00,0.00,"2024-09-13 20:07:39","2024-09-13 20:07:39",
1342,1165,Baja California,0.00,0.00,0.00,"2024-09-13 20:07:39","2024-09-13 20:07:39",
1343,1165,Baja California Sur,0.00,0.00,0.00,"2024-09-13 20:07:40","2024-09-13 20:07:40",
1344,1165,Campeche,0.00,0.00,0.00,"2024-09-13 20:07:40","2024-09-13 20:07:40",
1345,1165,Coahuila de Zaragoza,0.00,0.00,0.00,"2024-09-13 20:07:41","2024-09-13 20:07:41",
1346,1165,Colima,0.00,0.00,0.00,"2024-09-13 20:07:41","2024-09-13 20:07:41",
1347,1165,Chiapas,0.00,0.00,0.00,"2024-09-13 20:07:42","2024-09-13 20:07:42",
1348,1165,Ciudad de México,0.00,0.00,0.00,"2024-09-13 20:07:42","2024-10-30 16:15:38",
1349,1165,Chihuahua,0.00,0.00,0.00,"2024-09-13 20:07:43","2024-09-13 20:07:43",
1350,1165,Guanajuato,0.00,0.00,0.00,"2024-09-13 20:07:43","2024-09-13 20:07:43",
1351,1165,Durango,0.00,0.00,0.00,"2024-09-13 20:07:44","2024-09-13 20:07:44",
1352,1165,Guerrero,0.00,0.00,0.00,"2024-09-13 20:07:44","2024-09-13 20:07:44",
1353,1165,Hidalgo,0.00,0.00,0.00,"2024-09-13 20:07:45","2024-09-13 20:07:45",
1354,1165,Estado de México,0.00,0.00,0.00,"2024-09-13 20:07:45","2024-09-13 20:07:45",
1355,1165,Michoacán de Ocampo,0.00,0.00,0.00,"2024-09-13 20:07:45","2024-09-13 20:07:45",
1356,1165,Morelos,0.00,0.00,0.00,"2024-09-13 20:07:46","2024-09-13 20:07:46",
1357,1165,Nayarit,0.00,0.00,0.00,"2024-09-13 20:07:46","2024-09-13 20:07:46",
1358,1165,Nuevo León,0.00,0.00,0.00,"2024-09-13 20:07:47","2024-09-13 20:07:47",
1359,1165,Oaxaca,0.00,0.00,0.00,"2024-09-13 20:07:47","2024-09-13 20:07:47",
1360,1165,Puebla,0.00,0.00,0.00,"2024-09-13 20:07:48","2024-09-13 20:07:48",
1361,1165,Quintana Roo,0.00,0.00,0.00,"2024-09-13 20:07:48","2024-09-13 20:07:48",
1362,1165,Querétaro,0.00,0.00,0.00,"2024-09-13 20:07:49","2024-09-13 20:07:49",
1363,1165,Sinaloa,0.00,0.00,0.00,"2024-09-13 20:07:49","2024-09-13 20:07:49",
1364,1165,San Luis Potosí,0.00,0.00,0.00,"2024-09-13 20:07:50","2024-09-13 20:07:50",
1365,1165,Sonora,0.00,0.00,0.00,"2024-09-13 20:07:50","2024-09-13 20:07:50",
1366,1165,Tabasco,0.00,0.00,0.00,"2024-09-13 20:07:51","2024-09-13 20:07:51",
1367,1165,Tamaulipas,0.00,0.00,0.00,"2024-09-13 20:07:51","2024-09-13 20:07:51",
1368,1165,Tlaxcala,0.00,0.00,0.00,"2024-09-13 20:07:52","2024-09-13 20:07:52",
1369,1165,Veracruz de Ignacio de la Llave,0.00,0.00,0.00,"2024-09-13 20:07:52","2024-09-13 20:07:52",
1370,1165,Yucatán,0.00,0.00,0.00,"2024-09-13 20:07:52","2024-09-13 20:07:52",
1371,1165,Zacatecas,0.00,0.00,0.00,"2024-09-13 20:07:53","2024-09-13 20:07:53",
1372,1152,México,1000.00,0.00,0.00,"2024-09-13 20:07:38","2024-09-25 03:21:47",
1373,1152,Jalisco,1000.00,0.00,0.00,"2024-09-13 20:07:38","2024-09-25 03:21:48",
1374,1152,Aguascalientes,1000.00,0.00,0.00,"2024-09-13 20:07:39","2024-09-25 03:21:48",
1375,1152,Baja California,1000.00,0.00,0.00,"2024-09-13 20:07:39","2024-09-25 03:21:49",
1376,1152,Baja California Sur,1000.00,0.00,0.00,"2024-09-13 20:07:40","2024-09-25 03:21:49",
1377,1152,Campeche,1000.00,0.00,0.00,"2024-09-13 20:07:40","2024-09-25 03:21:50",
1378,1152,Coahuila de Zaragoza,1000.00,0.00,0.00,"2024-09-13 20:07:41","2024-09-25 03:21:50",
1379,1152,Colima,1000.00,0.00,0.00,"2024-09-13 20:07:41","2024-09-25 03:21:50",
1380,1152,Chiapas,1000.00,0.00,0.00,"2024-09-13 20:07:42","2024-09-25 03:21:51",
1381,1152,Ciudad de México,1000.00,0.00,0.00,"2024-09-13 20:07:42","2024-10-30 16:15:39",
1382,1152,Chihuahua,1000.00,0.00,0.00,"2024-09-13 20:07:43","2024-09-25 03:21:52",
1383,1152,Guanajuato,1000.00,0.00,0.00,"2024-09-13 20:07:43","2024-09-25 03:21:52",
1384,1152,Durango,1000.00,0.00,0.00,"2024-09-13 20:07:44","2024-09-25 03:21:53",
1385,1152,Guerrero,1000.00,0.00,0.00,"2024-09-13 20:07:44","2024-09-25 03:21:53",
1386,1152,Hidalgo,1000.00,0.00,0.00,"2024-09-13 20:07:45","2024-09-25 03:21:54",
1387,1152,Estado de México,1000.00,0.00,0.00,"2024-09-13 20:07:45","2024-09-25 03:21:54",
1388,1152,Michoacán de Ocampo,1000.00,0.00,0.00,"2024-09-13 20:07:45","2024-09-25 03:21:55",
1389,1152,Morelos,1000.00,0.00,0.00,"2024-09-13 20:07:46","2024-09-25 03:21:55",
1390,1152,Nayarit,1000.00,0.00,0.00,"2024-09-13 20:07:46","2024-09-25 03:21:56",
1391,1152,Nuevo León,1000.00,0.00,0.00,"2024-09-13 20:07:47","2024-09-25 03:21:56",
1392,1152,Oaxaca,1000.00,0.00,0.00,"2024-09-13 20:07:47","2024-09-25 03:21:56",
1393,1152,Puebla,1000.00,0.00,0.00,"2024-09-13 20:07:48","2024-09-25 03:21:57",
1394,1152,Quintana Roo,1000.00,0.00,0.00,"2024-09-13 20:07:48","2024-09-25 03:21:57",
1395,1152,Querétaro,1000.00,0.00,0.00,"2024-09-13 20:07:49","2024-09-25 03:21:58",
1396,1152,Sinaloa,1000.00,0.00,0.00,"2024-09-13 20:07:49","2024-09-25 03:21:58",
1397,1152,San Luis Potosí,1000.00,0.00,0.00,"2024-09-13 20:07:50","2024-09-25 03:21:59",
1398,1152,Sonora,1000.00,0.00,0.00,"2024-09-13 20:07:50","2024-09-25 03:21:59",
1399,1152,Tabasco,1000.00,0.00,0.00,"2024-09-13 20:07:51","2024-09-25 03:22:00",
1400,1152,Tamaulipas,1000.00,0.00,0.00,"2024-09-13 20:07:51","2024-09-25 03:22:00",
1401,1152,Tlaxcala,1000.00,0.00,0.00,"2024-09-13 20:07:52","2024-09-25 03:22:01",
1402,1152,Veracruz de Ignacio de la Llave,1000.00,0.00,0.00,"2024-09-13 20:07:52","2024-09-25 03:22:01",
1403,1152,Yucatán,4000.00,0.00,0.00,"2024-09-13 20:07:52","2024-10-10 03:18:33",
1404,1152,Zacatecas,1000.00,0.00,0.00,"2024-09-13 20:07:53","2024-09-25 03:22:02",
1405,1153,México,10000.00,0.00,0.00,"2024-09-13 20:07:38","2025-01-08 13:40:13",
1406,1153,Jalisco,1000.00,0.00,0.00,"2024-09-13 20:07:38","2024-09-25 22:37:48",
1407,1153,Aguascalientes,0.00,0.00,0.00,"2024-09-13 20:07:39","2024-09-13 20:07:39",
1408,1153,Baja California,0.00,0.00,0.00,"2024-09-13 20:07:39","2024-09-13 20:07:39",
1409,1153,Baja California Sur,0.00,0.00,0.00,"2024-09-13 20:07:40","2024-09-13 20:07:40",
1410,1153,Campeche,0.00,0.00,0.00,"2024-09-13 20:07:40","2024-09-13 20:07:40",
1411,1153,Coahuila de Zaragoza,0.00,0.00,0.00,"2024-09-13 20:07:41","2024-09-13 20:07:41",
1412,1153,Colima,0.00,0.00,0.00,"2024-09-13 20:07:41","2024-09-13 20:07:41",
1413,1153,Chiapas,0.00,0.00,0.00,"2024-09-13 20:07:42","2024-09-13 20:07:42",
1414,1153,Ciudad de México,10000.00,0.00,0.00,"2024-09-13 20:07:42","2024-10-30 16:15:39",
1415,1153,Chihuahua,0.00,0.00,0.00,"2024-09-13 20:07:43","2024-09-13 20:07:43",
1416,1153,Guanajuato,0.00,0.00,0.00,"2024-09-13 20:07:43","2024-09-13 20:07:43",
1417,1153,Durango,0.00,0.00,0.00,"2024-09-13 20:07:44","2024-09-13 20:07:44",
1418,1153,Guerrero,0.00,0.00,0.00,"2024-09-13 20:07:44","2024-09-13 20:07:44",
1419,1153,Hidalgo,0.00,0.00,0.00,"2024-09-13 20:07:45","2024-09-13 20:07:45",
1420,1153,Estado de México,0.00,0.00,0.00,"2024-09-13 20:07:45","2024-09-13 20:07:45",
1421,1153,Michoacán de Ocampo,0.00,0.00,0.00,"2024-09-13 20:07:45","2024-09-13 20:07:45",
1422,1153,Morelos,0.00,0.00,0.00,"2024-09-13 20:07:46","2024-09-13 20:07:46",
1423,1153,Nayarit,0.00,0.00,0.00,"2024-09-13 20:07:46","2024-09-13 20:07:46",
1424,1153,Nuevo León,0.00,0.00,0.00,"2024-09-13 20:07:47","2024-09-13 20:07:47",
1425,1153,Oaxaca,0.00,0.00,0.00,"2024-09-13 20:07:47","2024-09-13 20:07:47",
1426,1153,Puebla,1000.00,0.00,0.00,"2024-09-13 20:07:48","2024-09-25 22:37:49",
1427,1153,Quintana Roo,0.00,0.00,0.00,"2024-09-13 20:07:48","2024-09-13 20:07:48",
1428,1153,Querétaro,0.00,0.00,0.00,"2024-09-13 20:07:49","2024-09-13 20:07:49",
1429,1153,Sinaloa,0.00,0.00,0.00,"2024-09-13 20:07:49","2024-09-13 20:07:49",
1430,1153,San Luis Potosí,0.00,0.00,0.00,"2024-09-13 20:07:50","2024-09-13 20:07:50",
1431,1153,Sonora,0.00,0.00,0.00,"2024-09-13 20:07:50","2024-09-13 20:07:50",
1432,1153,Tabasco,0.00,0.00,0.00,"2024-09-13 20:07:51","2024-09-13 20:07:51",
1433,1153,Tamaulipas,0.00,0.00,0.00,"2024-09-13 20:07:51","2024-09-13 20:07:51",
1434,1153,Tlaxcala,0.00,0.00,0.00,"2024-09-13 20:07:52","2024-09-13 20:07:52",
1435,1153,Veracruz de Ignacio de la Llave,0.00,0.00,0.00,"2024-09-13 20:07:52","2024-09-13 20:07:52",
1436,1153,Yucatán,0.00,0.00,0.00,"2024-09-13 20:07:52","2024-09-13 20:07:52",
1437,1153,Zacatecas,0.00,0.00,0.00,"2024-09-13 20:07:53","2024-09-13 20:07:53",
1438,1239,Cdad. Autónoma de Buenos Aires,0.00,0.00,0.00,"2024-09-13 19:06:01","2024-09-19 03:57:38",
1439,1239,Buenos Aires,0.00,0.00,0.00,"2024-09-13 19:06:02","2024-09-13 19:06:02",
1440,1239,Catamarca,0.00,0.00,0.00,"2024-09-13 19:06:02","2024-09-13 19:06:02",
1441,1239,Chaco,0.00,0.00,0.00,"2024-09-13 19:06:03","2024-09-13 19:06:03",
1442,1239,Chubut,0.00,0.00,0.00,"2024-09-13 19:06:04","2024-09-13 19:06:04",
1443,1239,Córdoba,0.00,0.00,0.00,"2024-09-13 19:06:04","2024-09-13 19:06:04",
1444,1239,Corrientes,0.00,0.00,0.00,"2024-09-13 19:06:05","2024-09-13 19:06:05",
1445,1239,Entre Ríos,0.00,0.00,0.00,"2024-09-13 19:06:05","2024-09-13 19:06:05",
1446,1239,Formosa,0.00,0.00,0.00,"2024-09-13 19:06:06","2024-09-13 19:06:06",
1447,1239,Jujuy,0.00,0.00,0.00,"2024-09-13 19:06:06","2024-09-13 19:06:06",
1448,1239,La Pampa,0.00,0.00,0.00,"2024-09-13 19:06:07","2024-09-13 19:06:07",
1449,1239,La Rioja,0.00,0.00,0.00,"2024-09-13 19:06:07","2024-09-13 19:06:07",
1450,1239,Mendoza,0.00,0.00,0.00,"2024-09-13 19:06:08","2024-09-13 19:06:08",
1451,1239,Misiones,0.00,0.00,0.00,"2024-09-13 19:06:08","2024-09-13 19:06:08",
1452,1239,Neuquén,0.00,0.00,0.00,"2024-09-13 19:06:09","2024-09-13 19:06:09",
1453,1239,Rio Negro,0.00,0.00,0.00,"2024-09-13 19:06:10","2024-09-13 19:06:10",
1454,1239,Salta,0.00,0.00,0.00,"2024-09-13 19:06:11","2024-09-13 19:06:11",
1455,1239,San Juan,0.00,0.00,0.00,"2024-09-13 19:06:12","2024-09-13 19:06:12",
1456,1239,San Luis,0.00,0.00,0.00,"2024-09-13 19:06:12","2024-09-13 19:06:12",
1457,1239,Santa Cruz,0.00,0.00,0.00,"2024-09-13 19:06:13","2024-09-13 19:06:13",
1458,1239,Santa Fe,0.00,0.00,0.00,"2024-09-13 19:06:14","2024-09-13 19:06:14",
1459,1239,Santiago Del Estero,0.00,0.00,0.00,"2024-09-13 19:06:14","2024-09-13 19:06:14",
1460,1239,"Tierra del Fuego, Antártida e Islas del Atlántico Sur",0.00,0.00,0.00,"2024-09-13 19:06:15","2024-09-13 19:06:15",
1461,1239,Tucumán,0.00,0.00,0.00,"2024-09-13 19:06:15","2024-09-13 19:06:15",
1462,1152,Sin Zona,1000.00,0.00,0.00,"2024-10-24 14:46:00","2024-10-24 17:46:06",
1463,1275,Jalisco,2000.00,0.00,0.00,"2024-09-13 20:07:38","2024-12-09 19:24:29",
1464,1275,Aguascalientes,2000.00,0.00,0.00,"2024-09-13 20:07:39","2024-12-09 19:24:34",
1465,1275,Baja California,2000.00,0.00,0.00,"2024-09-13 20:07:39","2024-12-09 19:24:36",
1466,1275,Baja California Sur,2000.00,0.00,0.00,"2024-09-13 20:07:40","2024-12-09 19:24:40",
1467,1275,Campeche,2000.00,0.00,0.00,"2024-09-13 20:07:40","2024-12-09 19:24:44",
1468,1275,Coahuila de Zaragoza,2000.00,0.00,0.00,"2024-09-13 20:07:41","2024-12-09 19:24:47",
1469,1275,Colima,2000.00,0.00,0.00,"2024-09-13 20:07:41","2024-12-09 19:24:51",
1470,1275,Chiapas,2000.00,0.00,0.00,"2024-09-13 20:07:42","2024-12-09 19:24:54",
1471,1275,Ciudad de México,2000.00,0.00,0.00,"2024-09-13 20:07:42","2024-12-09 19:24:57",
1472,1275,Chihuahua,2000.00,0.00,0.00,"2024-09-13 20:07:43","2024-12-09 19:25:04",
1473,1275,Guanajuato,2000.00,0.00,0.00,"2024-09-13 20:07:43","2024-12-09 19:25:07",
1474,1275,Durango,2000.00,0.00,0.00,"2024-09-13 20:07:44","2024-12-09 19:25:13",
1475,1275,Guerrero,2000.00,0.00,0.00,"2024-09-13 20:07:44","2024-12-09 19:25:17",
1476,1275,Hidalgo,2000.00,0.00,0.00,"2024-09-13 20:07:45","2024-12-09 19:25:20",
1477,1275,Estado de México,2000.00,0.00,0.00,"2024-09-13 20:07:45","2024-12-09 19:25:25",
1478,1275,Michoacán de Ocampo,2000.00,0.00,0.00,"2024-09-13 20:07:45","2024-12-09 19:25:26",
1479,1275,Morelos,2000.00,0.00,0.00,"2024-09-13 20:07:46","2024-12-09 19:25:30",
1480,1275,Nayarit,2000.00,0.00,0.00,"2024-09-13 20:07:46","2024-12-09 19:25:32",
1481,1275,Nuevo León,2000.00,0.00,0.00,"2024-09-13 20:07:47","2024-12-09 19:25:36",
1482,1275,Oaxaca,2000.00,0.00,0.00,"2024-09-13 20:07:47","2024-12-09 19:25:38",
1483,1275,Puebla,2000.00,0.00,0.00,"2024-09-13 20:07:48","2024-12-09 19:25:41",
1484,1275,Quintana Roo,2000.00,0.00,0.00,"2024-09-13 20:07:48","2024-12-09 19:25:44",
1485,1275,Querétaro,2000.00,0.00,0.00,"2024-09-13 20:07:49","2024-12-09 19:25:48",
1486,1275,Sinaloa,2000.00,0.00,0.00,"2024-09-13 20:07:49","2024-12-09 19:25:50",
1487,1275,San Luis Potosí,2000.00,0.00,0.00,"2024-09-13 20:07:50","2024-12-09 19:25:53",
1488,1275,Sonora,2000.00,0.00,0.00,"2024-09-13 20:07:50","2024-12-09 19:25:59",
1489,1275,Tabasco,2000.00,0.00,0.00,"2024-09-13 20:07:51","2024-12-09 19:26:01",
1490,1275,Tamaulipas,2000.00,0.00,0.00,"2024-09-13 20:07:51","2024-12-09 19:26:03",
1491,1275,Tlaxcala,2000.00,0.00,0.00,"2024-09-13 20:07:52","2024-12-09 19:26:05",
1492,1275,Veracruz de Ignacio de la Llave,2000.00,0.00,0.00,"2024-09-13 20:07:52","2024-12-09 19:26:08",
1493,1275,Yucatán,2000.00,0.00,0.00,"2024-09-13 20:07:52","2024-12-09 19:26:13",
1494,1275,Zacatecas,2000.00,0.00,0.00,"2024-09-13 20:07:53","2024-12-09 19:26:15",
1495,1275,México,2000.00,0.00,0.00,"2024-11-08 19:06:12","2024-12-09 19:26:16",
1497,1288,Cdad. Autónoma de Buenos Aires,50000.00,0.00,0.00,"2024-09-13 19:06:01","2024-11-11 18:46:32",
1498,1288,Buenos Aires,50000.00,0.00,0.00,"2024-09-13 19:06:02","2024-11-11 18:46:32",
1521,1289,Colombia,300000.00,0.00,0.00,"2024-11-12 15:33:48","2024-11-12 15:35:40",
1522,1289,Amazonas,300000.00,0.00,0.00,"2024-11-12 15:33:48","2024-11-12 15:35:40",
1523,1289,Antioquia,300000.00,0.00,0.00,"2024-11-12 15:33:48","2024-11-12 15:35:41",
1524,1289,Arauca,300000.00,0.00,0.00,"2024-11-12 15:33:49","2024-11-12 15:35:42",
1525,1289,Atlántico,300000.00,0.00,0.00,"2024-11-12 15:33:49","2024-11-12 15:35:42",
1526,1289,Bolívar,300000.00,0.00,0.00,"2024-11-12 15:33:50","2024-11-12 15:35:43",
1527,1289,Boyacá,300000.00,0.00,0.00,"2024-11-12 15:33:50","2024-11-12 15:35:43",
1528,1289,Caldas,300000.00,0.00,0.00,"2024-11-12 15:33:51","2024-11-12 15:35:44",
1529,1289,Caquetá,300000.00,0.00,0.00,"2024-11-12 15:33:51","2024-11-12 15:35:44",
1530,1289,Casanare,300000.00,0.00,0.00,"2024-11-12 15:33:52","2024-11-12 15:35:45",
1531,1289,Cauca,300000.00,0.00,0.00,"2024-11-12 15:33:52","2024-11-12 15:35:45",
1532,1289,Cesar,300000.00,0.00,0.00,"2024-11-12 15:33:53","2024-11-12 15:35:46",
1533,1289,Chocó,300000.00,0.00,0.00,"2024-11-12 15:33:53","2024-11-12 15:35:46",
1534,1289,Córdoba,300000.00,0.00,0.00,"2024-11-12 15:33:54","2024-11-12 15:35:47",
1535,1289,Cundinamarca,300000.00,0.00,0.00,"2024-11-12 15:33:54","2024-11-12 15:35:48",
1536,1289,Güainia,300000.00,0.00,0.00,"2024-11-12 15:33:54","2024-11-12 15:35:48",
1537,1289,Guaviare,300000.00,0.00,0.00,"2024-11-12 15:33:55","2024-11-12 15:35:49",
1538,1289,Huila,300000.00,0.00,0.00,"2024-11-12 15:33:55","2024-11-12 15:35:50",
1539,1289,La Guajira,300000.00,0.00,0.00,"2024-11-12 15:33:56","2024-11-12 15:35:50",
1540,1289,Magdalena,300000.00,0.00,0.00,"2024-11-12 15:33:56","2024-11-12 15:35:51",
1541,1289,Meta,300000.00,0.00,0.00,"2024-11-12 15:33:57","2024-11-12 15:35:51",
1542,1289,Nariño,300000.00,0.00,0.00,"2024-11-12 15:33:57","2024-11-12 15:35:52",
1543,1289,Norte de Santander,300000.00,0.00,0.00,"2024-11-12 15:33:58","2024-11-12 15:35:52",
1544,1289,Putumayo,300000.00,0.00,0.00,"2024-11-12 15:33:58","2024-11-12 15:35:53",
1545,1289,Quindo,300000.00,0.00,0.00,"2024-11-12 15:33:59","2024-11-12 15:35:53",
1546,1289,Risaralda,300000.00,0.00,0.00,"2024-11-12 15:33:59","2024-11-12 15:35:54",
1547,1289,San Andrés y Providencia,300000.00,0.00,0.00,"2024-11-12 15:34:00","2024-11-12 15:35:54",
1548,1289,Santander,300000.00,0.00,0.00,"2024-11-12 15:34:00","2024-11-12 15:35:55",
1549,1289,Sucre,300000.00,0.00,0.00,"2024-11-12 15:34:00","2024-11-12 15:35:55",
1550,1289,Tolima,300000.00,0.00,0.00,"2024-11-12 15:34:01","2024-11-12 15:35:56",
1551,1289,Valle del Cauca,300000.00,0.00,0.00,"2024-11-12 15:34:01","2024-11-12 15:35:56",
1552,1289,Vaupés,300000.00,0.00,0.00,"2024-11-12 15:34:02","2024-11-12 15:35:57",
1553,1289,Vichada,300000.00,0.00,0.00,"2024-11-12 15:34:02","2024-11-12 15:35:57",
1554,1289,Bogotá,150000.00,0.00,0.00,"2024-11-12 15:34:02","2024-11-12 15:34:02",
1555,1161,Sin Zona,2000.00,0.00,0.00,"2024-09-13 20:07:53","2024-09-25 03:19:03",
1556,1303,México,0.00,0.00,0.00,"2024-11-26 12:21:38","2024-11-26 12:21:38",
1557,1303,Jalisco,0.00,0.00,0.00,"2024-11-26 12:21:38","2024-11-26 12:21:38",
1558,1303,Aguascalientes,0.00,0.00,0.00,"2024-11-26 12:21:38","2024-11-26 12:21:38",
1559,1303,Baja California,0.00,0.00,0.00,"2024-11-26 12:21:38","2024-11-26 12:21:38",
1560,1303,Baja California Sur,0.00,0.00,0.00,"2024-11-26 12:21:38","2024-11-26 12:21:38",
1561,1303,Campeche,0.00,0.00,0.00,"2024-11-26 12:21:38","2024-11-26 12:21:38",
1562,1303,Coahuila de Zaragoza,0.00,0.00,0.00,"2024-11-26 12:21:38","2024-11-26 12:21:38",
1563,1303,Colima,0.00,0.00,0.00,"2024-11-26 12:21:38","2024-11-26 12:21:38",
1564,1303,Chiapas,0.00,0.00,0.00,"2024-11-26 12:21:38","2024-11-26 12:21:38",
1565,1303,Ciudad de México,400.00,0.00,0.00,"2024-11-26 12:21:38","2024-12-04 15:25:58",
1566,1303,Chihuahua,0.00,0.00,0.00,"2024-11-26 12:21:38","2024-11-26 12:21:38",
1567,1303,Guanajuato,0.00,0.00,0.00,"2024-11-26 12:21:38","2024-11-26 12:21:38",
1568,1303,Durango,0.00,0.00,0.00,"2024-11-26 12:21:38","2024-11-26 12:21:38",
1569,1303,Guerrero,0.00,0.00,0.00,"2024-11-26 12:21:38","2024-11-26 12:21:38",
1570,1303,Hidalgo,0.00,0.00,0.00,"2024-11-26 12:21:38","2024-11-26 12:21:38",
1571,1303,Estado de México,400.00,0.00,0.00,"2024-11-26 12:21:38","2024-12-04 15:25:58",
1572,1303,Michoacán de Ocampo,0.00,0.00,0.00,"2024-11-26 12:21:38","2024-11-26 12:21:38",
1573,1303,Morelos,0.00,0.00,0.00,"2024-11-26 12:21:38","2024-11-26 12:21:38",
1574,1303,Nayarit,0.00,0.00,0.00,"2024-11-26 12:21:38","2024-11-26 12:21:38",
1575,1303,Nuevo León,0.00,0.00,0.00,"2024-11-26 12:21:38","2024-11-26 12:21:38",
1576,1303,Oaxaca,0.00,0.00,0.00,"2024-11-26 12:21:38","2024-11-26 12:21:38",
1577,1303,Puebla,0.00,0.00,0.00,"2024-11-26 12:21:38","2024-11-26 12:21:38",
1578,1303,Quintana Roo,0.00,0.00,0.00,"2024-11-26 12:21:38","2024-11-26 12:21:38",
1579,1303,Querétaro,0.00,0.00,0.00,"2024-11-26 12:21:38","2024-11-26 12:21:38",
1580,1303,Sinaloa,0.00,0.00,0.00,"2024-11-26 12:21:38","2024-11-26 12:21:38",
1581,1303,San Luis Potosí,0.00,0.00,0.00,"2024-11-26 12:21:38","2024-11-26 12:21:38",
1582,1303,Sonora,0.00,0.00,0.00,"2024-11-26 12:21:38","2024-11-26 12:21:38",
1583,1303,Tabasco,0.00,0.00,0.00,"2024-11-26 12:21:38","2024-11-26 12:21:38",
1584,1303,Tamaulipas,0.00,0.00,0.00,"2024-11-26 12:21:38","2024-11-26 12:21:38",
1585,1303,Tlaxcala,0.00,0.00,0.00,"2024-11-26 12:21:38","2024-11-26 12:21:38",
1586,1303,Veracruz de Ignacio de la Llave,0.00,0.00,0.00,"2024-11-26 12:21:38","2024-11-26 12:21:38",
1587,1303,Yucatán,0.00,0.00,0.00,"2024-11-26 12:21:38","2024-11-26 12:21:38",
1588,1303,Zacatecas,0.00,0.00,0.00,"2024-11-26 12:21:38","2024-11-26 12:21:38",
1589,1303,Sin Zona,0.00,0.00,0.00,"2024-11-26 12:21:38","2024-11-26 12:21:38",
1590,1309,Jalisco,0.00,0.00,0.00,"2024-12-03 03:37:40","2024-12-03 03:37:39",
1593,1309,Ciudad de México,0.00,0.00,0.00,"2024-12-03 03:37:39","2024-12-03 03:37:39",
1595,1309,Estado de México,0.00,0.00,0.00,"2024-12-03 03:37:39","2024-12-03 03:37:39",
1597,1309,Morelos,0.00,0.00,0.00,"2024-12-03 03:37:39","2024-12-03 03:37:39",
1602,1309,Hidalgo,0.00,0.00,0.00,"2024-12-03 03:37:39","2024-12-03 03:37:39",
1603,1309,Puebla,0.00,0.00,0.00,"2024-12-03 03:37:39","2024-12-03 03:37:39",
1604,1309,Tlaxcala,0.00,0.00,0.00,"2024-12-03 03:37:39","2024-12-03 03:37:39",
1605,1159,Sin Zona,10000.00,0.00,0.00,"2024-09-13 20:07:53","2024-11-20 20:41:58",
1606,1160,Sin Zona,0.00,0.00,0.00,"2024-09-13 20:07:53","2024-09-13 20:07:53",
1607,1275,Sin Zona,2000.00,0.00,0.00,"2024-11-08 19:06:12","2024-12-09 19:26:19",
1608,1318,Argentina,250000.00,0.00,0.00,"2024-12-17 12:40:57","2024-12-17 15:49:26",
1609,1318,Cdad. Autónoma de Buenos Aires,250000.00,0.00,0.00,"2024-12-17 12:40:57","2024-12-17 15:49:26",
1610,1318,Buenos Aires,250000.00,0.00,0.00,"2024-12-17 12:40:57","2024-12-17 15:49:27",
1611,1318,Catamarca,250000.00,0.00,0.00,"2024-12-17 12:40:57","2024-12-17 15:49:28",
1612,1318,Chaco,250000.00,0.00,0.00,"2024-12-17 12:40:57","2024-12-17 15:49:28",
1613,1318,Chubut,250000.00,0.00,0.00,"2024-12-17 12:40:57","2024-12-17 15:49:29",
1614,1318,Córdoba,250000.00,0.00,0.00,"2024-12-17 12:40:57","2024-12-17 15:49:29",
1615,1318,Corrientes,250000.00,0.00,0.00,"2024-12-17 12:40:57","2024-12-17 15:49:30",
1616,1318,Entre Ríos,250000.00,0.00,0.00,"2024-12-17 12:40:57","2024-12-17 15:49:31",
1617,1318,Formosa,250000.00,0.00,0.00,"2024-12-17 12:40:57","2024-12-17 15:49:31",
1618,1318,Jujuy,250000.00,0.00,0.00,"2024-12-17 12:40:57","2024-12-17 15:49:32",
1619,1318,La Pampa,250000.00,0.00,0.00,"2024-12-17 12:40:57","2024-12-17 15:49:33",
1620,1318,La Rioja,250000.00,0.00,0.00,"2024-12-17 12:40:57","2024-12-17 15:49:33",
1621,1318,Mendoza,250000.00,0.00,0.00,"2024-12-17 12:40:57","2024-12-17 15:49:34",
1622,1318,Misiones,250000.00,0.00,0.00,"2024-12-17 12:40:57","2024-12-17 15:49:36",
1623,1318,Neuquén,250000.00,0.00,0.00,"2024-12-17 12:40:57","2024-12-17 15:49:37",
1624,1318,Rio Negro,250000.00,0.00,0.00,"2024-12-17 12:40:57","2024-12-17 15:49:38",
1625,1318,Salta,250000.00,0.00,0.00,"2024-12-17 12:40:57","2024-12-17 15:49:38",
1626,1318,San Juan,250000.00,0.00,0.00,"2024-12-17 12:40:57","2024-12-17 15:49:39",
1627,1318,San Luis,250000.00,0.00,0.00,"2024-12-17 12:40:57","2024-12-17 15:49:39",
1628,1318,Santa Cruz,250000.00,0.00,0.00,"2024-12-17 12:40:57","2024-12-17 15:49:40",
1629,1318,Santa Fe,250000.00,0.00,0.00,"2024-12-17 12:40:57","2024-12-17 15:49:40",
1630,1318,Santiago Del Estero,250000.00,0.00,0.00,"2024-12-17 12:40:57","2024-12-17 15:49:41",
1631,1318,"Tierra del Fuego, Antártida e Islas del Atlántico Sur",250000.00,0.00,0.00,"2024-12-17 12:40:57","2024-12-17 15:49:42",
1632,1350,México,0.00,0.00,0.00,"2025-01-16 13:56:16","2025-01-16 13:56:16",
1633,1350,Jalisco,0.00,0.00,0.00,"2025-01-16 13:56:16","2025-01-16 13:56:16",
1634,1350,Aguascalientes,0.00,0.00,0.00,"2025-01-16 13:56:16","2025-01-16 13:56:16",
1635,1350,Baja California,0.00,0.00,0.00,"2025-01-16 13:56:16","2025-01-16 13:56:16",
1636,1350,Baja California Sur,0.00,0.00,0.00,"2025-01-16 13:56:16","2025-01-16 13:56:16",
1637,1350,Campeche,0.00,0.00,0.00,"2025-01-16 13:56:16","2025-01-16 13:56:16",
1638,1350,Coahuila de Zaragoza,0.00,0.00,0.00,"2025-01-16 13:56:16","2025-01-16 13:56:16",
1639,1350,Colima,0.00,0.00,0.00,"2025-01-16 13:56:16","2025-01-16 13:56:16",
1640,1350,Chiapas,0.00,0.00,0.00,"2025-01-16 13:56:16","2025-01-16 13:56:16",
1641,1350,Ciudad de México,0.00,0.00,0.00,"2025-01-16 13:56:16","2025-01-16 13:56:16",
1642,1350,Chihuahua,0.00,0.00,0.00,"2025-01-16 13:56:16","2025-01-16 13:56:16",
1643,1350,Guanajuato,0.00,0.00,0.00,"2025-01-16 13:56:16","2025-01-16 13:56:16",
1644,1350,Durango,0.00,0.00,0.00,"2025-01-16 13:56:16","2025-01-16 13:56:16",
1645,1350,Guerrero,0.00,0.00,0.00,"2025-01-16 13:56:16","2025-01-16 13:56:16",
1646,1350,Hidalgo,0.00,0.00,0.00,"2025-01-16 13:56:16","2025-01-16 13:56:16",
1647,1350,Estado de México,0.00,0.00,0.00,"2025-01-16 13:56:16","2025-01-16 13:56:16",
1648,1350,Michoacán de Ocampo,0.00,0.00,0.00,"2025-01-16 13:56:16","2025-01-16 13:56:16",
1649,1350,Morelos,0.00,0.00,0.00,"2025-01-16 13:56:16","2025-01-16 13:56:16",
1650,1350,Nayarit,0.00,0.00,0.00,"2025-01-16 13:56:16","2025-01-16 13:56:16",
1651,1350,Nuevo León,0.00,0.00,0.00,"2025-01-16 13:56:16","2025-01-16 13:56:16",
1652,1350,Oaxaca,0.00,0.00,0.00,"2025-01-16 13:56:16","2025-01-16 13:56:16",
1653,1350,Puebla,0.00,0.00,0.00,"2025-01-16 13:56:16","2025-01-16 13:56:16",
1654,1350,Quintana Roo,0.00,0.00,0.00,"2025-01-16 13:56:16","2025-01-16 13:56:16",
1655,1350,Querétaro,0.00,0.00,0.00,"2025-01-16 13:56:16","2025-01-16 13:56:16",
1656,1350,Sinaloa,0.00,0.00,0.00,"2025-01-16 13:56:16","2025-01-16 13:56:16",
1657,1350,San Luis Potosí,0.00,0.00,0.00,"2025-01-16 13:56:16","2025-01-16 13:56:16",
1658,1350,Sonora,0.00,0.00,0.00,"2025-01-16 13:56:16","2025-01-16 13:56:16",
1659,1350,Tabasco,0.00,0.00,0.00,"2025-01-16 13:56:16","2025-01-16 13:56:16",
1660,1350,Tamaulipas,0.00,0.00,0.00,"2025-01-16 13:56:16","2025-01-16 13:56:16",
1661,1350,Tlaxcala,0.00,0.00,0.00,"2025-01-16 13:56:16","2025-01-16 13:56:16",
1662,1350,Veracruz de Ignacio de la Llave,0.00,0.00,0.00,"2025-01-16 13:56:16","2025-01-16 13:56:16",
1663,1350,Yucatán,0.00,0.00,0.00,"2025-01-16 13:56:16","2025-01-16 13:56:16",
1664,1350,Zacatecas,0.00,0.00,0.00,"2025-01-16 13:56:16","2025-01-16 13:56:16",
1665,1350,Sin Zona,0.00,0.00,0.00,"2025-01-16 13:56:16","2025-01-16 13:56:16",
1666,1309,Sin Zona,0.00,0.00,0.00,"2025-01-23 13:19:22","2025-01-23 13:19:31",
1667,1373,México,1500.00,0.00,0.00,"2025-01-29 11:31:31","2025-01-30 19:29:35",
1668,1373,Jalisco,1500.00,0.00,0.00,"2025-01-29 11:31:31","2025-01-30 19:29:36",
1669,1373,Aguascalientes,1500.00,0.00,0.00,"2025-01-29 11:31:31","2025-01-30 19:29:36",
1670,1373,Baja California,1500.00,0.00,0.00,"2025-01-29 11:31:31","2025-01-30 19:29:37",
1671,1373,Baja California Sur,1500.00,0.00,0.00,"2025-01-29 11:31:31","2025-01-30 19:29:38",
1672,1373,Campeche,1500.00,0.00,0.00,"2025-01-29 11:31:31","2025-01-30 19:29:38",
1673,1373,Coahuila de Zaragoza,1500.00,0.00,0.00,"2025-01-29 11:31:31","2025-01-30 19:29:39",
1674,1373,Colima,1500.00,0.00,0.00,"2025-01-29 11:31:31","2025-01-30 19:29:40",
1675,1373,Chiapas,1500.00,0.00,0.00,"2025-01-29 11:31:31","2025-01-30 19:29:41",
1676,1373,Ciudad de México,1500.00,0.00,0.00,"2025-01-29 11:31:31","2025-01-30 19:29:41",
1677,1373,Chihuahua,1500.00,0.00,0.00,"2025-01-29 11:31:31","2025-01-30 19:29:42",
1678,1373,Guanajuato,1500.00,0.00,0.00,"2025-01-29 11:31:31","2025-01-30 19:29:43",
1679,1373,Durango,1500.00,0.00,0.00,"2025-01-29 11:31:31","2025-01-30 19:29:44",
1680,1373,Guerrero,1500.00,0.00,0.00,"2025-01-29 11:31:31","2025-01-30 19:29:45",
1681,1373,Hidalgo,1500.00,0.00,0.00,"2025-01-29 11:31:31","2025-01-30 19:29:46",
1682,1373,Estado de México,1500.00,0.00,0.00,"2025-01-29 11:31:31","2025-01-30 19:29:46",
1683,1373,Michoacán de Ocampo,1500.00,0.00,0.00,"2025-01-29 11:31:31","2025-01-30 19:29:46",
1684,1373,Morelos,1500.00,0.00,0.00,"2025-01-29 11:31:31","2025-01-30 19:29:47",
1685,1373,Nayarit,1500.00,0.00,0.00,"2025-01-29 11:31:31","2025-01-30 19:29:47",
1686,1373,Nuevo León,1500.00,0.00,0.00,"2025-01-29 11:31:31","2025-01-30 19:29:48",
1687,1373,Oaxaca,1500.00,0.00,0.00,"2025-01-29 11:31:31","2025-01-30 19:29:48",
1688,1373,Puebla,1500.00,0.00,0.00,"2025-01-29 11:31:31","2025-01-30 19:29:49",
1689,1373,Quintana Roo,1500.00,0.00,0.00,"2025-01-29 11:31:31","2025-01-30 19:29:49",
1690,1373,Querétaro,1500.00,0.00,0.00,"2025-01-29 11:31:31","2025-01-30 19:29:50",
1691,1373,Sinaloa,1500.00,0.00,0.00,"2025-01-29 11:31:31","2025-01-30 19:29:50",
1692,1373,San Luis Potosí,1500.00,0.00,0.00,"2025-01-29 11:31:31","2025-01-30 19:29:51",
1693,1373,Sonora,1500.00,0.00,0.00,"2025-01-29 11:31:31","2025-01-30 19:29:52",
1694,1373,Tabasco,1500.00,0.00,0.00,"2025-01-29 11:31:31","2025-01-30 19:29:52",
1695,1373,Tamaulipas,1500.00,0.00,0.00,"2025-01-29 11:31:31","2025-01-30 19:29:53",
1696,1373,Tlaxcala,1500.00,0.00,0.00,"2025-01-29 11:31:31","2025-01-30 19:29:54",
1697,1373,Veracruz de Ignacio de la Llave,1500.00,0.00,0.00,"2025-01-29 11:31:31","2025-01-30 19:29:54",
1698,1373,Yucatán,1500.00,0.00,0.00,"2025-01-29 11:31:31","2025-01-30 19:29:55",
1699,1373,Zacatecas,1500.00,0.00,0.00,"2025-01-29 11:31:31","2025-01-30 19:29:56",
1700,1373,Sin Zona,1500.00,0.00,0.00,"2025-01-29 11:31:31","2025-01-30 19:29:56",
1701,1358,México,1000.00,0.00,0.00,"2024-09-13 20:07:38","2024-09-25 03:21:47",
1702,1358,Jalisco,1000.00,0.00,0.00,"2024-09-13 20:07:38","2024-09-25 03:21:48",
1703,1358,Aguascalientes,1000.00,0.00,0.00,"2024-09-13 20:07:39","2024-09-25 03:21:48",
1704,1358,Baja California,1000.00,0.00,0.00,"2024-09-13 20:07:39","2024-09-25 03:21:49",
1705,1358,Baja California Sur,1000.00,0.00,0.00,"2024-09-13 20:07:40","2024-09-25 03:21:49",
1706,1358,Campeche,1000.00,0.00,0.00,"2024-09-13 20:07:40","2024-09-25 03:21:50",
1707,1358,Coahuila de Zaragoza,1000.00,0.00,0.00,"2024-09-13 20:07:41","2024-09-25 03:21:50",
1708,1358,Colima,1000.00,0.00,0.00,"2024-09-13 20:07:41","2024-09-25 03:21:50",
1709,1358,Chiapas,1000.00,0.00,0.00,"2024-09-13 20:07:42","2024-09-25 03:21:51",
1710,1358,Ciudad de México,1000.00,0.00,0.00,"2024-09-13 20:07:42","2024-10-30 16:15:39",
1711,1358,Chihuahua,1000.00,0.00,0.00,"2024-09-13 20:07:43","2024-09-25 03:21:52",
1712,1358,Guanajuato,1000.00,0.00,0.00,"2024-09-13 20:07:43","2024-09-25 03:21:52",
1713,1358,Durango,1000.00,0.00,0.00,"2024-09-13 20:07:44","2024-09-25 03:21:53",
1714,1358,Guerrero,1000.00,0.00,0.00,"2024-09-13 20:07:44","2024-09-25 03:21:53",
1715,1358,Hidalgo,1000.00,0.00,0.00,"2024-09-13 20:07:45","2024-09-25 03:21:54",
1716,1358,Estado de México,1000.00,0.00,0.00,"2024-09-13 20:07:45","2024-09-25 03:21:54",
1717,1358,Michoacán de Ocampo,1000.00,0.00,0.00,"2024-09-13 20:07:45","2024-09-25 03:21:55",
1718,1358,Morelos,1000.00,0.00,0.00,"2024-09-13 20:07:46","2024-09-25 03:21:55",
1719,1358,Nayarit,1000.00,0.00,0.00,"2024-09-13 20:07:46","2024-09-25 03:21:56",
1720,1358,Nuevo León,1000.00,0.00,0.00,"2024-09-13 20:07:47","2024-09-25 03:21:56",
1721,1358,Oaxaca,1000.00,0.00,0.00,"2024-09-13 20:07:47","2024-09-25 03:21:56",
1722,1358,Puebla,1000.00,0.00,0.00,"2024-09-13 20:07:48","2024-09-25 03:21:57",
1723,1358,Quintana Roo,1000.00,0.00,0.00,"2024-09-13 20:07:48","2024-09-25 03:21:57",
1724,1358,Querétaro,1000.00,0.00,0.00,"2024-09-13 20:07:49","2024-09-25 03:21:58",
1725,1358,Sinaloa,1000.00,0.00,0.00,"2024-09-13 20:07:49","2024-09-25 03:21:58",
1726,1358,San Luis Potosí,1000.00,0.00,0.00,"2024-09-13 20:07:50","2024-09-25 03:21:59",
1727,1358,Sonora,1000.00,0.00,0.00,"2024-09-13 20:07:50","2024-09-25 03:21:59",
1728,1358,Tabasco,1000.00,0.00,0.00,"2024-09-13 20:07:51","2024-09-25 03:22:00",
1729,1358,Tamaulipas,1000.00,0.00,0.00,"2024-09-13 20:07:51","2024-09-25 03:22:00",
1730,1358,Tlaxcala,1000.00,0.00,0.00,"2024-09-13 20:07:52","2024-09-25 03:22:01",
1731,1358,Veracruz de Ignacio de la Llave,1000.00,0.00,0.00,"2024-09-13 20:07:52","2024-09-25 03:22:01",
1732,1358,Yucatán,4000.00,0.00,0.00,"2024-09-13 20:07:52","2024-10-10 03:18:33",
1733,1358,Zacatecas,1000.00,0.00,0.00,"2024-09-13 20:07:53","2024-09-25 03:22:02",
1734,1358,Sin Zona,1000.00,0.00,0.00,"2024-10-24 14:46:00","2024-10-24 17:46:06",
1735,1326,Argentina,0.00,0.00,0.00,"2024-09-13 19:06:01","2024-09-13 19:06:01",
1736,1326,Cdad. Autónoma de Buenos Aires,0.00,0.00,0.00,"2024-09-13 19:06:01","2024-09-19 03:57:38",
1737,1326,Buenos Aires,0.00,0.00,0.00,"2024-09-13 19:06:02","2024-09-13 19:06:02",
1738,1326,Catamarca,0.00,0.00,0.00,"2024-09-13 19:06:02","2024-09-13 19:06:02",
1739,1326,Chaco,0.00,0.00,0.00,"2024-09-13 19:06:03","2024-09-13 19:06:03",
1740,1326,Chubut,0.00,0.00,0.00,"2024-09-13 19:06:04","2024-09-13 19:06:04",
1741,1326,Córdoba,0.00,0.00,0.00,"2024-09-13 19:06:04","2024-09-13 19:06:04",
1742,1326,Corrientes,0.00,0.00,0.00,"2024-09-13 19:06:05","2024-09-13 19:06:05",
1743,1326,Entre Ríos,0.00,0.00,0.00,"2024-09-13 19:06:05","2024-09-13 19:06:05",
1744,1326,Formosa,0.00,0.00,0.00,"2024-09-13 19:06:06","2024-09-13 19:06:06",
1745,1326,Jujuy,0.00,0.00,0.00,"2024-09-13 19:06:06","2024-09-13 19:06:06",
1746,1326,La Pampa,0.00,0.00,0.00,"2024-09-13 19:06:07","2024-09-13 19:06:07",
1747,1326,La Rioja,0.00,0.00,0.00,"2024-09-13 19:06:07","2024-09-13 19:06:07",
1748,1326,Mendoza,0.00,0.00,0.00,"2024-09-13 19:06:08","2024-09-13 19:06:08",
1749,1326,Misiones,0.00,0.00,0.00,"2024-09-13 19:06:08","2024-09-13 19:06:08",
1750,1326,Neuquén,0.00,0.00,0.00,"2024-09-13 19:06:09","2024-09-13 19:06:09",
1751,1326,Rio Negro,0.00,0.00,0.00,"2024-09-13 19:06:10","2024-09-13 19:06:10",
1752,1326,Salta,0.00,0.00,0.00,"2024-09-13 19:06:11","2024-09-13 19:06:11",
1753,1326,San Juan,0.00,0.00,0.00,"2024-09-13 19:06:12","2024-09-13 19:06:12",
1754,1326,San Luis,0.00,0.00,0.00,"2024-09-13 19:06:12","2024-09-13 19:06:12",
1755,1326,Santa Cruz,0.00,0.00,0.00,"2024-09-13 19:06:13","2024-09-13 19:06:13",
1756,1326,Santa Fe,0.00,0.00,0.00,"2024-09-13 19:06:14","2024-09-13 19:06:14",
1757,1326,Santiago Del Estero,0.00,0.00,0.00,"2024-09-13 19:06:14","2024-09-13 19:06:14",
1758,1326,"Tierra del Fuego, Antártida e Islas del Atlántico Sur",0.00,0.00,0.00,"2024-09-13 19:06:15","2024-09-13 19:06:15",
1759,1326,Tucumán,0.00,0.00,0.00,"2024-09-13 19:06:15","2024-09-13 19:06:15",
